{
	"IcoMoonType": "selection",
	"icons": [
		{
			"icon": {
				"paths": [
					"M512 223.2c-161.6 0-292.8 131.2-292.8 292.8s131.2 292.8 292.8 292.8 292.8-131.2 292.8-292.8-131.2-292.8-292.8-292.8zM512 785.6c-148.8 0-269.6-120.8-269.6-269.6s120.8-269.6 269.6-269.6 269.6 120.8 269.6 269.6-120.8 269.6-269.6 269.6z",
					"M524 340h-24v164h-162.4v24h162.4v164h24v-164h164v-24h-164z"
				],
				"attrs": [],
				"isMulticolor": false,
				"grid": 0,
				"tags": [
					"add"
				]
			},
			"attrs": [],
			"properties": {
				"order": 1,
				"id": 52,
				"prevSize": 32,
				"code": 59648,
				"name": "add"
			},
			"setIdx": 0,
			"setId": 0,
			"iconIdx": 0
		},
		{
			"icon": {
				"paths": [
					"M559.2 633.6l-40 40-46.4-40-68-68-217.6-212 40-40 292 280 285.6-274.4 40 40-165.6 154.4z"
				],
				"attrs": [],
				"isMulticolor": false,
				"grid": 0,
				"tags": [
					"arrow-down"
				]
			},
			"attrs": [],
			"properties": {
				"order": 2,
				"id": 51,
				"prevSize": 32,
				"code": 59649,
				"name": "arrow-down"
			},
			"setIdx": 0,
			"setId": 0,
			"iconIdx": 1
		},
		{
			"icon": {
				"paths": [
					"M656 451.2l40 40-40 45.6-68.8 68.8-211.2 216.8-40-40 280-291.2-274.4-286.4 40-40 154.4 166.4z"
				],
				"attrs": [],
				"isMulticolor": false,
				"grid": 0,
				"tags": [
					"arrow-right"
				]
			},
			"attrs": [],
			"properties": {
				"order": 3,
				"id": 50,
				"prevSize": 32,
				"code": 59650,
				"name": "arrow-right"
			},
			"setIdx": 0,
			"setId": 0,
			"iconIdx": 2
		},
		{
			"icon": {
				"paths": [
					"M679.2 473.6l165.6 154.4-40 40-285.6-274.4-292 280-40-40 217.6-211.2 68-68.8 46.4-40 40 40z"
				],
				"attrs": [],
				"isMulticolor": false,
				"grid": 0,
				"tags": [
					"arrow-up"
				]
			},
			"attrs": [],
			"properties": {
				"order": 4,
				"id": 49,
				"prevSize": 32,
				"code": 59651,
				"name": "arrow-up"
			},
			"setIdx": 0,
			"setId": 0,
			"iconIdx": 3
		},
		{
			"icon": {
				"paths": [
					"M512.8 224.8c-157.6 0-291.2 133.6-291.2 291.2s133.6 291.2 291.2 291.2 291.2-133.6 291.2-291.2-134.4-291.2-291.2-291.2zM512.8 783.2c-149.6 0-267.2-117.6-267.2-267.2s117.6-267.2 267.2-267.2 267.2 117.6 267.2 267.2-117.6 267.2-267.2 267.2z",
					"M654.4 413.6l-180.8 180.8-70.4-63.2c-8-8-16-8-23.2 0s-8 16 0 23.2l78.4 78.4c0 0 8 8 16 8s8 0 8-8l196.8-196.8c8-8 8-16 0-23.2-1.6-7.2-16.8-7.2-24.8 0.8z"
				],
				"attrs": [],
				"isMulticolor": false,
				"grid": 0,
				"tags": [
					"checkbox-check"
				]
			},
			"attrs": [],
			"properties": {
				"order": 5,
				"id": 48,
				"prevSize": 32,
				"code": 59652,
				"name": "checkbox-check"
			},
			"setIdx": 0,
			"setId": 0,
			"iconIdx": 4
		},
		{
			"icon": {
				"paths": [
					"M309.6 308.8c-110.4 114.4-110.4 300 0 414.4s289.6 114.4 400 0 110.4-300 0-414.4-289.6-114.4-400-0zM693.6 706.4c-101.6 105.6-266.4 105.6-368 0s-101.6-276 0-381.6 266.4-105.6 368 0 100.8 276.8 0 381.6z",
					"M397.6 383.2l-16 16.8 112 116-111.2 115.2 16 16.8 111.2-115.2 112 116 16-16.8-112-116 112-116-16-16.8-112 116z"
				],
				"attrs": [],
				"isMulticolor": false,
				"grid": 0,
				"tags": [
					"checkbox-x"
				]
			},
			"attrs": [],
			"properties": {
				"order": 6,
				"id": 47,
				"prevSize": 32,
				"code": 59653,
				"name": "checkbox-x"
			},
			"setIdx": 0,
			"setId": 0,
			"iconIdx": 5
		},
		{
			"icon": {
				"paths": [
					"M268 232.8l-35.2 35.2 244 244-241.6 242.4 34.4 34.4 242.4-241.6 244 244 35.2-35.2-244-244 244-244-35.2-35.2-244 244z"
				],
				"attrs": [],
				"isMulticolor": false,
				"grid": 0,
				"tags": [
					"close"
				]
			},
			"attrs": [],
			"properties": {
				"order": 7,
				"id": 46,
				"prevSize": 32,
				"code": 59654,
				"name": "close"
			},
			"setIdx": 0,
			"setId": 0,
			"iconIdx": 6
		},
		{
			"icon": {
				"paths": [
					"M260.8 313.6h-56.8v453.6c0 32 25.6 56.8 56.8 56.8h451.2v-56.8h-451.2v-453.6zM768.8 200h-396c-29.6 0-55.2 25.6-55.2 56.8v396c0 32 25.6 56.8 56.8 56.8h396c32 0 56.8-25.6 56.8-56.8v-396c-1.6-31.2-26.4-56.8-58.4-56.8v0zM712 482.4h-113.6v113.6h-56.8v-113.6h-114.4v-56.8h113.6v-112h56.8v113.6h114.4v55.2z"
				],
				"attrs": [],
				"isMulticolor": false,
				"grid": 0,
				"tags": [
					"collection create"
				]
			},
			"attrs": [],
			"properties": {
				"order": 8,
				"id": 45,
				"prevSize": 32,
				"code": 59655,
				"name": "collectioncreate"
			},
			"setIdx": 0,
			"setId": 0,
			"iconIdx": 7
		},
		{
			"icon": {
				"paths": [
					"M512.8 417.6h120l-120-123.2z",
					"M488.8 417.6v-123.2h-239.2v530.4h383.2v-386.4h-144z",
					"M656.8 200v119.2h119.2z",
					"M632.8 319.2v-119.2h-239.2v74.4h132l131.2 131.2v320.8h119.2v-382.4h-143.2z"
				],
				"attrs": [],
				"isMulticolor": false,
				"grid": 0,
				"tags": [
					"copy"
				]
			},
			"attrs": [],
			"properties": {
				"order": 9,
				"id": 44,
				"prevSize": 32,
				"code": 59656,
				"name": "copy"
			},
			"setIdx": 0,
			"setId": 0,
			"iconIdx": 8
		},
		{
			"icon": {
				"paths": [
					"M492 560.8l348.8 4-18.4-18.4c0 0-147.2-147.2-344.8-7.2l-62.4-95.2c7.2-7.2 14.4-14.4 18.4-25.6 22.4-40 7.2-88-32.8-110.4s-88-7.2-110.4 32.8-7.2 88 32.8 110.4c22.4 11.2 48 11.2 69.6 4l55.2 84h-96c0-25.6-18.4-51.2-40-62.4-40-22.4-88-7.2-110.4 32.8s-7.2 88 32.8 110.4 88 7.2 110.4-32.8c4-7.2 7.2-14.4 7.2-25.6h110.4c-4 61.6 7.2 106.4 25.6 142.4h-40v22.4h162.4v-22.4h-22.4l-96-143.2zM333.6 436c-25.6-18.4-40-51.2-25.6-80.8s51.2-40 80.8-25.6c29.6 14.4 40 51.2 25.6 80.8s-51.2 36.8-80.8 25.6zM326.4 576c-18.4 25.6-51.2 40-80.8 22.4-29.6-14.4-40-48-25.6-76.8 14.4-29.6 51.2-40 80.8-25.6s40.8 50.4 25.6 80z",
					"M356 704h69.6v22.4h-69.6v-22.4z",
					"M635.2 704h69.6v22.4h-69.6v-22.4z",
					"M260.8 704h69.6v22.4h-69.6v-22.4z",
					"M730.4 704h69.6v22.4h-69.6v-22.4z"
				],
				"attrs": [],
				"isMulticolor": false,
				"grid": 0,
				"tags": [
					"cut"
				]
			},
			"attrs": [],
			"properties": {
				"order": 10,
				"id": 43,
				"prevSize": 32,
				"code": 59657,
				"name": "cut"
			},
			"setIdx": 0,
			"setId": 0,
			"iconIdx": 9
		},
		{
			"icon": {
				"paths": [
					"M627.2 681.6h76l-85.6 90.4v-80.8c0-4.8 4.8-9.6 9.6-9.6v0zM589.6 824h-300c-9.6 0-14.4-4.8-14.4-14.4v-593.6c0-9.6 4.8-14.4 14.4-14.4h441.6c9.6 0 19.2 4.8 19.2 14.4v437.6h-123.2c-19.2 0-38.4 14.4-38.4 38.4v132zM347.2 292c0 9.6 4.8 14.4 14.4 14.4h266.4c9.6 0 14.4-4.8 14.4-14.4s-4.8-14.4-14.4-14.4h-267.2c-4.8-4.8-13.6 4.8-13.6 14.4v0zM347.2 382.4c0 9.6 4.8 14.4 14.4 14.4h266.4c9.6 0 14.4-4.8 14.4-14.4s-4.8-14.4-14.4-14.4h-267.2c-4.8 0-13.6 4.8-13.6 14.4v0zM347.2 476.8c0 9.6 4.8 14.4 14.4 14.4h218.4c9.6 0 14.4-4.8 14.4-14.4s0-14.4-9.6-14.4h-224c-4.8 0.8-13.6 4.8-13.6 14.4v0zM360.8 586.4h304c9.6 0 14.4-4.8 14.4-14.4s-4.8-14.4-14.4-14.4h-304c-9.6 0-14.4 4.8-14.4 14.4 0.8 4.8 9.6 14.4 14.4 14.4v0z"
				],
				"attrs": [],
				"isMulticolor": false,
				"grid": 0,
				"tags": [
					"file"
				]
			},
			"attrs": [],
			"properties": {
				"order": 11,
				"id": 42,
				"prevSize": 32,
				"code": 59658,
				"name": "file"
			},
			"setIdx": 0,
			"setId": 0,
			"iconIdx": 10
		},
		{
			"icon": {
				"paths": [
					"M778.4 431.2h-574.4v-91.2c0-28.8 23.2-52 52-52h130.4c28.8 0 52 23.2 52 52v12.8h240v26.4c0 11.2 8.8 20 20 20h80.8v32zM798.4 500c-11.2 0-20-8.8-20-20v-23.2h-574.4v312.8c0 28.8 23.2 52 52 52h520c28.8 0 52-23.2 52-52v-269.6h-29.6zM956 300.8c11.2 0 20 8.8 20 20v40c0 11.2-8.8 20-20 20h-80v80c0 11.2-8.8 20-20 20h-40c-11.2 0-20-8.8-20-20v-80h-80.8c-11.2 0-20-8.8-20-20v-40c0-11.2 8.8-20 20-20h80.8v-80.8c0-11.2 8.8-20 20-20h40c11.2 0 20 8.8 20 20v80.8h80zM956 300.8z"
				],
				"attrs": [],
				"isMulticolor": false,
				"grid": 0,
				"tags": [
					"folder-new"
				]
			},
			"attrs": [],
			"properties": {
				"order": 12,
				"id": 41,
				"prevSize": 32,
				"code": 59659,
				"name": "folder-new"
			},
			"setIdx": 0,
			"setId": 0,
			"iconIdx": 11
		},
		{
			"icon": {
				"paths": [
					"M204 456.698v306.536c0 22.706 22.706 56.766 56.766 56.766h510.894c22.706 0 56.766-22.706 56.766-56.766v-306.536h-624.426z",
					"M828.426 422.638v-22.706c0-22.706-22.706-56.766-56.766-56.766h-340.596c0-34.060-22.706-56.766-45.413-56.766h-124.885c-34.060 0-56.766 22.706-56.766 56.766v79.472h624.426z"
				],
				"attrs": [],
				"isMulticolor": false,
				"grid": 0,
				"tags": [
					"folder"
				]
			},
			"attrs": [],
			"properties": {
				"order": 13,
				"id": 40,
				"prevSize": 32,
				"code": 59660,
				"name": "folder"
			},
			"setIdx": 0,
			"setId": 0,
			"iconIdx": 12
		},
		{
			"icon": {
				"paths": [
					"M390.4 635.2c22.4-8 67.2-25.6 107.2-37.6 5.6-1.6 10.4-1.6 13.6-5.6h1.6c4-1.6 8-1.6 12-4 4-1.6 4-1.6 4-15.2 0-1.6 0-7.2-1.6-8 0-1.6-1.6-4-1.6-5.6s0-1.6-1.6-1.6c0-1.6-1.6-1.6-1.6-5.6-1.6-4-4-7.2-5.6-12-1.6-1.6-1.6-7.2-4-10.4 0-1.6-1.6-1.6-1.6-4-2.4-0.8-2.4-4.8-2.4-6.4s-1.6-1.6-1.6-4c-1.6-1.6-1.6-5.6-1.6-7.2-1.6-1.6-1.6-5.6-1.6-8 0-1.6 0-1.6-1.6-4v0 0c-1.6-1.6-5.6-7.2-7.2-12l-2.4-1.6c0-1.6-1.6-1.6-1.6-4-1.6-1.6-1.6-4-1.6-7.2v0c-1.6-1.6-1.6-4-1.6-7.2v0c0 0.8 0-3.2 0-4.8v0c-1.6-1.6-1.6-7.2-1.6-10.4 0-1.6-1.6-5.6-1.6-7.2v-1.6c0-1.6 0-4-1.6-5.6v-1.6c0-1.6 0-1.6 0-4 0-1.6 0-1.6 0-1.6 0-1.6 0-1.6 0-1.6 0-1.6 0-1.6 0-1.6v-1.6c0-1.6 0-1.6 0-4v0c0-1.6 0-1.6 1.6-4v0c0-1.6 0-1.6 1.6-1.6v-1.6c0 0 0-1.6 1.6-1.6v0-1.6c0-7.2 0-22.4-1.6-36.8v0c0-1.6 0-5.6-1.6-7.2 0-1.6 0-1.6 0-1.6 0-1.6-1.6-5.6-1.6-7.2v-1.6c0-1.6 0-4-1.6-7.2 0-10.4 1.6-25.6 7.2-39.2 4-10.4 8-19.2 15.2-29.6v0c1.6-1.6 4-5.6 7.2-7.2 1.6-1.6 1.6-1.6 4-4 1.6-1.6 1.6-1.6 1.6-1.6 1.6-1.6 4-4 7.2-5.6l1.6-1.6c1.6-1.6 5.6-4 8-5.6h1.6c1.6-1.6 7.2-4 10.4-5.6h1.6c4-1.6 7.2-1.6 10.4-4 1.6 0 1.6 0 1.6-1.6 4-1.6 7.2-1.6 12-1.6 1.6 0 1.6 0 1.6 0 5.6-1.6 10.4-1.6 15.2-1.6h25.6c1.6 0 7.2 1.6 8 1.6 1.6 0 5.6 0 7.2 1.6 1.6 0 5.6 1.6 7.2 1.6s5.6 1.6 7.2 1.6c1.6 1.6 5.6 1.6 7.2 1.6 1.6 1.6 4 1.6 7.2 1.6 1.6 1.6 4 1.6 7.2 1.6 1.6 1.6 4 1.6 5.6 1.6 1.6 1.6 4 1.6 5.6 4 1.6 1.6 1.6 1.6 4 1.6 1.6 1.6 4 1.6 5.6 4 1.6 1.6 1.6 1.6 1.6 1.6 1.6 1.6 4 4 5.6 5.6l1.6 1.6c1.6 1.6 4 4 5.6 7.2 22.4 27.2 24 60.8 22.4 76v1.6c0 1.6-1.6 4-1.6 7.2-1.6 7.2-1.6 17.6-1.6 24v1.6c0 1.6 0 4 0 5.6s0 1.6 0 1.6 0 1.6 0 4c0 1.6 0 1.6 0 1.6 0 1.6 0 4 0 5.6v0c0 1.6 0 1.6 0 4v0 0c0 1.6 0 1.6 1.6 1.6 1.6 5.6 1.6 10.4 4 15.2v0c0 1.6 0 1.6 0 4 0 1.6 0 1.6 0 1.6 0 1.6 0 1.6 0 1.6 0 1.6 0 1.6 0 4s0 1.6 0 1.6c0 1.6-1.6 5.6-1.6 7.2-5.6 24-12 37.6-17.6 46.4-3.2 3.2-3.2 3.2-3.2 3.2-1.6 7.2-1.6 13.6-5.6 22.4 0 1.6 0 1.6-1.6 4-1.6 1.6-1.6 4-1.6 7.2 0 1.6-1.6 4-1.6 5.6-1.6 4-1.6 7.2-4 8-1.6 1.6-1.6 3.2-1.6 6.4v1.6c0 1.6-1.6 4-1.6 7.2 0 1.6 0 1.6 0 4 0 1.6 0 4-1.6 7.2 0 4 0 7.2 0 12 0 10.4 0 12 1.6 13.6v0c0 0 0 0 1.6 0h1.6c1.6 1.6 5.6 1.6 7.2 1.6 17.6 5.6 36.8 12 52.8 17.6 0 0 1.6 0 1.6 1.6 1.6 1.6 4 1.6 7.2 1.6 1.6 0 1.6 1.6 4 1.6s2.4 3.2 4 3.2c1.6 1.6 4 1.6 5.6 1.6h1.6c1.6 1.6 5.6 1.6 7.2 1.6h1.6c12 4 22.4 7.2 31.2 12 4 1.6 7.2 4 12 5.6 1.6 1.6 4 1.6 7.2 4 1.6 0 1.6 1.6 1.6 1.6 1.6 1.6 1.6 1.6 1.6 1.6 1.6 1.6 1.6 1.6 1.6 1.6 1.6 1.6 1.6 1.6 1.6 1.6 1.6 1.6 1.6 1.6 1.6 1.6 0 1.6 1.6 1.6 1.6 1.6 0 1.6 1.6 1.6 1.6 1.6s0 1.6 1.6 1.6c0 1.6 1.6 1.6 1.6 4v1.6c0 1.6 0 1.6 1.6 4v1.6c0 1.6 0 4 0 7.2 0 12 0 52 0 62.4v-4c0 8-5.6 24-24 24 0 0 0 0-1.6 0-17.6 0-134.4 0-188 0-17.6 0-27.2 0-27.2 0h-5.6c0 0-10.4 0-27.2 0-52.8 0-170.4 0-188 0h0.8c-17.6 0-24-12-24-22.4v-64c-0.8-12 7.2-30.4 28-38.4zM181.6 608c22.4-8 77.6-27.2 108.8-37.6 1.6-1.6 4-1.6 4-12s-4-19.2-7.2-27.2c-3.2-8-8-24-12-37.6-5.6-7.2-12-17.6-17.6-39.2-4-19.2-1.6-27.2 0-32.8 0-1.6 0-1.6 1.6-1.6 1.6-5.6 0-27.2-4-46.4-1.6-12 0-39.2 17.6-62.4 12-13.6 32.8-31.2 70.4-32.8h20.8c37.6 1.6 58.4 19.2 68.8 32.8 17.6 22.4 20.8 48.8 17.6 62.4-4 17.6-5.6 41.6-4 46.4 0 1.6 0 1.6 1.6 1.6 1.6 7.2 4 13.6 0 32.8-4 22.4-12 32.8-17.6 39.2-1.6 13.6-7.2 27.2-12 37.6-1.6 7.2-5.6 15.2-5.6 27.2s0 12 1.6 12c12 4 24 7.2 37.6 12-31.2 10.4-62.4 22.4-77.6 27.2-31.2 12-44.8 41.6-44.8 62.4v37.6c-1.6 0-4 0-7.2 0-43.2 0-140.8 0-152 0-15.2 0-20.8-12-20.8-20.8s0-41.6 0-52c6.4-8 14.4-21.6 32-28.8zM988.8 425.6c8 0 15.2 7.2 15.2 15.2v30.4c0 8-7.2 15.2-15.2 15.2h-60v60c0 8-7.2 15.2-15.2 15.2h-30.4c-8 0-15.2-7.2-15.2-15.2v-60h-60c-8 0-15.2-7.2-15.2-15.2v-30.4c0-8 7.2-15.2 15.2-15.2h60v-60c0-8 7.2-15.2 15.2-15.2h30.4c8 0 15.2 7.2 15.2 15.2v60h60z"
				],
				"attrs": [],
				"isMulticolor": false,
				"grid": 0,
				"tags": [
					"group-invite"
				]
			},
			"attrs": [],
			"properties": {
				"order": 14,
				"id": 39,
				"prevSize": 32,
				"code": 59661,
				"name": "group-invite"
			},
			"setIdx": 0,
			"setId": 0,
			"iconIdx": 13
		},
		{
			"icon": {
				"paths": [
					"M389.6 636.8c22.4-8.8 67.2-25.6 107.2-37.6 4.8-1.6 10.4-1.6 13.6-4.8h1.6c3.2-1.6 8.8-1.6 12-3.2s3.2-1.6 3.2-15.2c0-1.6 0-7.2-1.6-8.8 0-1.6-1.6-3.2-1.6-4.8s0-1.6-1.6-1.6c0-1.6-1.6-1.6-1.6-4.8-1.6-3.2-3.2-7.2-4.8-12-1.6-1.6-1.6-7.2-3.2-10.4 0-1.6-1.6-1.6-1.6-3.2-1.6-1.6-1.6-4.8-1.6-7.2s-1.6-1.6-1.6-3.2c-1.6-1.6-1.6-4.8-1.6-7.2-1.6-1.6-1.6-4.8-1.6-8.8 0-1.6 0-1.6-1.6-3.2v0 0c-1.6-1.6-4.8-7.2-7.2-12l-1.6-1.6c0-1.6-1.6-1.6-1.6-3.2-1.6-1.6-1.6-3.2-1.6-7.2v0c-3.2-4-3.2-5.6-3.2-9.6v0c-1.6-1.6-1.6-4.8-1.6-7.2v0c-1.6-1.6-1.6-7.2-1.6-10.4 0-1.6-1.6-4.8-1.6-7.2v-1.6c0-1.6 0-3.2-1.6-4.8v-1.6c0-1.6 0-1.6 0-3.2s0-1.6 0-1.6c0-1.6 0-1.6 0-1.6 0-1.6 0-1.6 0-1.6v-2.4c0-1.6 0-1.6 0-3.2v0c0-1.6 0-1.6 1.6-3.2v0c0-1.6 0-1.6 1.6-1.6v-1.6c0 0 0-1.6 1.6-1.6v0-3.2c0-7.2 0-22.4-1.6-36v0c0-1.6 0-4.8-1.6-7.2 0-1.6 0-1.6 0-1.6 0-1.6-1.6-4.8-1.6-7.2v-1.6c0-1.6 0-3.2-1.6-7.2 0-10.4 1.6-25.6 7.2-40 3.2-10.4 8.8-19.2 15.2-29.6v0c1.6-1.6 3.2-4.8 7.2-7.2 1.6-1.6 1.6-1.6 3.2-3.2s1.6-1.6 1.6-1.6c1.6-1.6 3.2-3.2 7.2-4.8l1.6-1.6c1.6-1.6 4.8-3.2 8.8-4.8h1.6c1.6-1.6 7.2-3.2 10.4-4.8h1.6c3.2-1.6 7.2-1.6 10.4-3.2 1.6 0 1.6 0 1.6-1.6 3.2-1.6 7.2-1.6 12-1.6 1.6 0 1.6 0 1.6 0 4.8-1.6 10.4-1.6 15.2-1.6h25.6c1.6 0 7.2 1.6 8.8 1.6s4.8 0 7.2 1.6c1.6 0 4.8 1.6 7.2 1.6s4.8 0 6.4 0c1.6 1.6 4.8 1.6 7.2 1.6 1.6 1.6 3.2 1.6 7.2 1.6 1.6 1.6 3.2 1.6 7.2 1.6 1.6 1.6 3.2 1.6 4.8 1.6 1.6 1.6 3.2 1.6 4.8 3.2s1.6 1.6 3.2 1.6c1.6 1.6 3.2 1.6 4.8 3.2s1.6 1.6 1.6 1.6c1.6 1.6 3.2 3.2 4.8 4.8l1.6 1.6c1.6 1.6 3.2 3.2 4.8 7.2 22.4 28 24 60.8 22.4 76v1.6c0 1.6-1.6 3.2-1.6 7.2-1.6 7.2-1.6 17.6-1.6 24v1.6c0 1.6 0 3.2 0 4.8s0 1.6 0 1.6 0 1.6 0 3.2c0 1.6 0 1.6 0 1.6 0 1.6 0 3.2 0 4.8v0c0 1.6 0 1.6 0 3.2v0 0c0 1.6 0 1.6 1.6 1.6 1.6 4.8 1.6 10.4 3.2 15.2v0c0 1.6 0 1.6 0 3.2s0 1.6 0 1.6c0 1.6 0 1.6 0 1.6 0 1.6 0 1.6 0 3.2s0 1.6 0 1.6c0 1.6-1.6 4.8-1.6 7.2-4.8 24-12 37.6-17.6 46.4-1.6 1.6-1.6 1.6-1.6 1.6-1.6 7.2-1.6 13.6-4.8 22.4 0 1.6 0 1.6-1.6 3.2s-1.6 3.2-1.6 7.2c0 1.6-1.6 3.2-1.6 4.8-1.6 3.2-1.6 7.2-3.2 8.8s-1.6 3.2-1.6 7.2v1.6c0 1.6-1.6 3.2-1.6 7.2 0 1.6 0 1.6 0 3.2s0 3.2-1.6 7.2c0 3.2 0 7.2 0 12 0 10.4 0 12 1.6 13.6v0c0 0 0 0 1.6 0h1.6c1.6 1.6 4.8 1.6 7.2 1.6 17.6 4.8 36 12 53.6 17.6 0 0 1.6 0 1.6 1.6 1.6 1.6 3.2 1.6 7.2 1.6 1.6 0 1.6 1.6 3.2 1.6s1.6 1.6 3.2 1.6 3.2 1.6 4.8 1.6h1.6c1.6 1.6 4.8 1.6 7.2 1.6h2.4c12 3.2 22.4 7.2 31.2 12 3.2 1.6 7.2 3.2 12 4.8 1.6 1.6 3.2 1.6 7.2 3.2 1.6 0 1.6 1.6 1.6 1.6 1.6 1.6 1.6 1.6 1.6 1.6 1.6 1.6 1.6 1.6 1.6 1.6 1.6 1.6 1.6 1.6 1.6 1.6 1.6 1.6 1.6 1.6 1.6 1.6 0 1.6 1.6 1.6 1.6 1.6 0 1.6 1.6 1.6 1.6 1.6s0 1.6 1.6 1.6c0 1.6 1.6 1.6 1.6 3.2v1.6c0 1.6 0 1.6 1.6 3.2v1.6c0 1.6 0 3.2 0 7.2 0 12 0 52 0 62.4v1.6c0 8.8-4.8 24-24 24 0 0 0 0-1.6 0-17.6 0-134.4 0-188 0-17.6 0-28 0-28 0h-4.8c0 0-10.4 0-28 0-53.6 0-171.2 0-188 0h-1.6c-17.6 0-24-12-24-22.4v-64c5.6-6.4 14.4-25.6 35.2-32zM180.8 608.8c22.4-8.8 77.6-28 108.8-37.6 1.6-1.6 3.2-1.6 3.2-12s-3.2-19.2-7.2-28-8.8-24-12-37.6c-4.8-7.2-12-17.6-17.6-40-3.2-19.2-1.6-28 0-32.8 0-1.6 0-1.6 1.6-1.6 1.6-4.8 0-28-3.2-46.4-1.6-12 0-40 17.6-62.4 12-13.6 32.8-31.2 70.4-32.8h20.8c37.6 1.6 58.4 19.2 68.8 32.8 17.6 22.4 20.8 48 17.6 62.4-3.2 17.6-4.8 41.6-3.2 46.4 0 1.6 0 1.6 1.6 1.6 1.6 7.2 3.2 13.6 0 32.8-3.2 22.4-12 32.8-17.6 40-1.6 13.6-7.2 28-12 37.6-1.6 7.2-4.8 15.2-4.8 28 0 12 0 12 1.6 12 12 3.2 24 7.2 37.6 12-31.2 10.4-62.4 22.4-77.6 28-31.2 12-44.8 41.6-44.8 62.4v37.6c-1.6 0-3.2 0-7.2 0-43.2 0-141.6 0-152 0-15.2 0-20.8-12-20.8-20.8s0-41.6 0-52c4-8.8 12.8-22.4 30.4-29.6z"
				],
				"attrs": [],
				"isMulticolor": false,
				"grid": 0,
				"tags": [
					"group"
				]
			},
			"attrs": [],
			"properties": {
				"order": 15,
				"id": 38,
				"prevSize": 32,
				"code": 59662,
				"name": "group"
			},
			"setIdx": 0,
			"setId": 0,
			"iconIdx": 14
		},
		{
			"icon": {
				"paths": [
					"M692 297.6h-352.8l-138.4 152v276.8h622.4v-276.8l-131.2-152zM352.8 325.6h332l110.4 124.8h-193.6c0 48-41.6 83.2-89.6 83.2s-83.2-34.4-83.2-83.2h-193.6l117.6-124.8z"
				],
				"attrs": [],
				"isMulticolor": false,
				"grid": 0,
				"tags": [
					"inbox"
				]
			},
			"attrs": [],
			"properties": {
				"order": 16,
				"id": 37,
				"prevSize": 32,
				"code": 59663,
				"name": "inbox"
			},
			"setIdx": 0,
			"setId": 0,
			"iconIdx": 15
		},
		{
			"icon": {
				"paths": [
					"M457.6 464.8c-21.6 0-32.8 21.6-32.8 47.2s14.4 47.2 32.8 47.2c21.6 0 32.8-21.6 32.8-47.2s-11.2-47.2-32.8-47.2z",
					"M508 200c-170.4 0-308 137.6-308 312s137.6 312 312 312 312-137.6 312-312c0-174.4-141.6-312-316-312zM370.4 530.4c0 40-18.4 54.4-50.4 54.4-7.2 0-18.4 0-21.6-4l4-28.8c4 0 11.2 4 14.4 4 14.4 0 21.6-7.2 21.6-28.8v-88h32.8v91.2zM457.6 580.8c-40 0-65.6-32.8-65.6-68.8 0-40 25.6-72.8 68.8-72.8s65.6 32.8 65.6 68.8c0 47.2-28.8 72.8-68.8 72.8zM577.6 580.8h-32.8v-141.6h32.8c0 0 0 141.6 0 141.6zM718.4 580.8h-32l-28.8-54.4c-7.2-14.4-18.4-32.8-25.6-50.4v0c0 18.4 0 36 0 61.6v43.2h-28.8v-141.6h36l28.8 50.4c7.2 14.4 18.4 32.8 21.6 47.2v0c-3.2-17.6-3.2-36-3.2-57.6v-40h28.8v141.6h3.2z"
				],
				"attrs": [],
				"isMulticolor": false,
				"grid": 0,
				"tags": [
					"join"
				]
			},
			"attrs": [],
			"properties": {
				"order": 17,
				"id": 36,
				"prevSize": 32,
				"code": 59664,
				"name": "join"
			},
			"setIdx": 0,
			"setId": 0,
			"iconIdx": 16
		},
		{
			"icon": {
				"paths": [
					"M658.4 506.4v-135.2c0-80.8-65.6-146.4-146.4-146.4s-146.4 65.6-146.4 146.4v135.2h-78.4v304h449.6v-304h-78.4zM388 371.2c0-68.8 55.2-124 124-124s124 55.2 124 124v135.2h-248v-135.2z"
				],
				"attrs": [],
				"isMulticolor": false,
				"grid": 0,
				"tags": [
					"lock"
				]
			},
			"attrs": [],
			"properties": {
				"order": 18,
				"id": 35,
				"prevSize": 32,
				"code": 59665,
				"name": "lock"
			},
			"setIdx": 0,
			"setId": 0,
			"iconIdx": 17
		},
		{
			"icon": {
				"paths": [
					"M802.4 392.8v-96.8h-565.6v433.6h84v96h565.6v-432.8h-84zM260.8 705.6v-385.6h517.6v72h-457.6v312.8h-60zM862.4 801.6h-517.6v-384.8h517.6v384.8z",
					"M238.4 633.6h-92.8v-433.6h565.6v96h-24v-72h-517.6v385.6h68.8z"
				],
				"attrs": [],
				"isMulticolor": false,
				"grid": 0,
				"tags": [
					"menu-collection"
				]
			},
			"attrs": [],
			"properties": {
				"order": 19,
				"id": 34,
				"prevSize": 32,
				"code": 59666,
				"name": "menu-collection"
			},
			"setIdx": 0,
			"setId": 0,
			"iconIdx": 18
		},
		{
			"icon": {
				"paths": [
					"M423.2 816.8c-11.2 0-20-8.8-19.2-20l0.8-234.4c0-19.2-18.4-35.2-39.2-35.2s-39.2 16-39.2 35.2l-0.8 234.4c0 11.2-8.8 20-20 19.2-11.2 0-20-8.8-19.2-20l0.8-234.4c0-40.8 36-74.4 79.2-74.4 42.4 0 78.4 34.4 78.4 75.2l-0.8 234.4c-0.8 11.2-9.6 20-20.8 20z",
					"M600.8 817.6c-11.2 0-20-8.8-19.2-20l1.6-342.4c0-19.2-18.4-35.2-39.2-35.2s-39.2 16-39.2 35.2l-1.6 342.4c0 11.2-8.8 20-20 19.2-11.2 0-20-8.8-19.2-20l0-341.6c0-40.8 36-74.4 79.2-74.4 42.4 0 78.4 34.4 78.4 75.2l-1.6 342.4c0 10.4-8.8 19.2-19.2 19.2z",
					"M777.6 818.4c-11.2 0-20-8.8-19.2-20l1.6-450.4c0-19.2-18.4-35.2-39.2-35.2s-39.2 16-39.2 35.2l-1.6 450.4c0 11.2-8.8 20-20 19.2-11.2 0-20-8.8-19.2-20l1.6-450.4c0-40.8 36-74.4 79.2-74.4 42.4 0 78.4 34.4 78.4 75.2l-1.6 450.4c-1.6 11.2-10.4 20-20.8 20z",
					"M806.4 828.8l-589.6-2.4c-11.2 0-20-8.8-19.2-20l2.4-589.6c0-11.2 8.8-20 20-19.2 11.2 0 20 8.8 19.2 20l-2.4 570.4 570.4 2.4c11.2 0 20 8.8 19.2 20 0 9.6-8.8 18.4-20 18.4z",
					"M257.6 492h-39.2c-5.6 0-9.6-4.8-9.6-9.6s4.8-9.6 9.6-9.6h39.2c5.6 0 9.6 4.8 9.6 9.6 0.8 4.8-4 9.6-9.6 9.6z",
					"M258.4 393.6h-39.2c-5.6 0-9.6-4.8-9.6-9.6s4.8-9.6 9.6-9.6h39.2c5.6 0 9.6 4.8 9.6 9.6 0 5.6-4 9.6-9.6 9.6z",
					"M258.4 295.2h-39.2c-5.6 0-9.6-4.8-9.6-9.6 0-5.6 4.8-9.6 9.6-9.6h39.2c5.6 0 9.6 4.8 9.6 9.6 0.8 5.6-4 9.6-9.6 9.6z",
					"M256.8 747.2h-39.2c-5.6 0-9.6-4.8-9.6-9.6 0-5.6 4.8-9.6 9.6-9.6h39.2c5.6 0 9.6 4.8 9.6 9.6-0 5.6-4 9.6-9.6 9.6z",
					"M256.8 648.8h-39.2c-5.6 0-9.6-4.8-9.6-9.6 0-5.6 4.8-9.6 9.6-9.6h39.2c5.6 0 9.6 4.8 9.6 9.6 0.8 5.6-4 10.4-9.6 9.6z",
					"M257.6 570.4h-39.2c-5.6 0-9.6-4.8-9.6-9.6 0-5.6 4.8-9.6 9.6-9.6h39.2c5.6 0 9.6 4.8 9.6 9.6-0 5.6-4 9.6-9.6 9.6z",
					"M729.6 533.6c-5.6 0-9.6-4.8-9.6-9.6v-138.4c0-5.6 4.8-9.6 9.6-9.6 5.6 0 9.6 4.8 9.6 9.6l-0.8 137.6c0.8 5.6-3.2 10.4-8.8 10.4z",
					"M552 611.2c-5.6 0-9.6-4.8-9.6-9.6l0.8-98.4c0-5.6 4.8-9.6 9.6-9.6 5.6 0 9.6 4.8 9.6 9.6l-0.8 98.4c0 4.8-4 9.6-9.6 9.6z",
					"M375.2 669.6c-5.6 0-9.6-4.8-9.6-9.6v-68.8c0-5.6 4.8-9.6 9.6-9.6 5.6 0 9.6 4.8 9.6 9.6v68.8c0 4.8-4 9.6-9.6 9.6z"
				],
				"attrs": [],
				"isMulticolor": false,
				"grid": 0,
				"tags": [
					"menu-data"
				]
			},
			"attrs": [],
			"properties": {
				"order": 20,
				"id": 33,
				"prevSize": 32,
				"code": 59667,
				"name": "menu-data"
			},
			"setIdx": 0,
			"setId": 0,
			"iconIdx": 19
		},
		{
			"icon": {
				"paths": [
					"M707.2 564.8v-64.8h-182.4v-39.2h117.6v-260.8h-260.8v260.8h117.6v39.2h-182.4v64.8h-117.6v260.8h260.8v-260.8h-117.6v-39.2h339.2v39.2h-117.6v260.8h260.8v-260.8h-117.6zM408 226.4h208v208.8h-208v-208.8zM433.6 800h-208v-208.8h208.8v208.8zM798.4 800h-208v-208.8h208.8v208.8z"
				],
				"attrs": [],
				"isMulticolor": false,
				"grid": 0,
				"tags": [
					"menu-groups"
				]
			},
			"attrs": [],
			"properties": {
				"order": 21,
				"id": 32,
				"prevSize": 32,
				"code": 59668,
				"name": "menu-groups"
			},
			"setIdx": 0,
			"setId": 0,
			"iconIdx": 20
		},
		{
			"icon": {
				"paths": [
					"M557.6 604.8v0 0z",
					"M787.2 240c-52.8-52.8-139.2-52.8-192 0l-112.8 112.8c-7.2 7.2-7.2 19.2 0 26.4s19.2 7.2 26.4 0l112.8-112.8c38.4-38.4 100.8-38.4 140 0 38.4 38.4 38.4 100.8 0 140l-134.4 132.8c-38.4 38.4-100.8 38.4-140 0-7.2-7.2-19.2-7.2-26.4 0s-7.2 19.2 0 26.4c26.4 26.4 60.8 40 96 40 34.4 0 69.6-13.6 96-40l133.6-133.6c53.6-53.6 53.6-139.2 0.8-192z",
					"M336.8 825.6h-0.8z",
					"M519.2 647.2l-112.8 112.8c-38.4 38.4-100.8 38.4-140 0-38.4-38.4-38.4-100.8 0-140l133.6-133.6c38.4-38.4 100.8-38.4 140 0 7.2 7.2 19.2 7.2 26.4 0s7.2-19.2 0-26.4c-52.8-52.8-139.2-52.8-192 0l-133.6 134.4c-52.8 52.8-52.8 139.2 0 192 26.4 26.4 60.8 40 96 40 34.4 0 69.6-13.6 96-40l112.8-112.8c7.2-7.2 7.2-19.2 0-26.4-8-7.2-19.2-7.2-26.4 0z"
				],
				"attrs": [],
				"isMulticolor": false,
				"grid": 0,
				"tags": [
					"menu-links"
				]
			},
			"attrs": [],
			"properties": {
				"order": 22,
				"id": 31,
				"prevSize": 32,
				"code": 59669,
				"name": "menu-links"
			},
			"setIdx": 0,
			"setId": 0,
			"iconIdx": 21
		},
		{
			"icon": {
				"paths": [
					"M512 200c-172.8 0-312 139.2-312 312s139.2 312 312 312 312-139.2 312-312c0-172.8-139.2-312-312-312zM512 798.4c-157.6 0-286.4-128.8-286.4-286.4s128.8-286.4 286.4-286.4 286.4 128.8 286.4 286.4c0 157.6-128.8 286.4-286.4 286.4z",
					"M512 537.6h-156v26.4h181.6v-260h-25.6z"
				],
				"attrs": [],
				"isMulticolor": false,
				"grid": 0,
				"tags": [
					"menu-recent"
				]
			},
			"attrs": [],
			"properties": {
				"order": 23,
				"id": 30,
				"prevSize": 32,
				"code": 59670,
				"name": "menu-recent"
			},
			"setIdx": 0,
			"setId": 0,
			"iconIdx": 22
		},
		{
			"icon": {
				"paths": [
					"M828 389.6v267.2h-624v-267.2h624zM828 344.8h-624c-24.8 0-44 18.4-44 42.4v267.2c0 24.8 20 46.4 44 46.4h624c24.8 0 44.8-21.6 44.8-46.4v-267.2c0-24-20.8-42.4-44.8-42.4v0z",
					"M772 311.2c-12 0-22.4-9.6-22.4-22.4v-44.8h-467.2v44.8c0 12-9.6 22.4-22.4 22.4-12 0-22.4-9.6-22.4-22.4v-67.2c0-12 9.6-22.4 22.4-22.4h512c12 0 22.4 9.6 22.4 22.4v67.2c0 12.8-9.6 22.4-22.4 22.4z",
					"M772 824h-512c-12 0-22.4-9.6-22.4-22.4v-67.2c0-12 9.6-22.4 22.4-22.4 12 0 22.4 9.6 22.4 22.4v44.8h468v-44.8c0-12 9.6-22.4 22.4-22.4 12 0 22.4 9.6 22.4 22.4v67.2c-0.8 12-10.4 22.4-23.2 22.4z",
					"M316 569.6l-1.6-11.2h-0.8c-4.8 6.4-14.4 12.8-26.4 12.8-17.6 0-26.4-12-26.4-24.8 0-20.8 18.4-32 52-32v-1.6c0-7.2-1.6-20-20-20-8 0-16.8 2.4-22.4 6.4l-3.2-10.4c7.2-4.8 17.6-8 28-8 26.4 0 32.8 18.4 32.8 35.2v32c0 7.2 0 14.4 1.6 20.8h-13.6zM314.4 525.6c-16.8 0-36.8 2.4-36.8 19.2 0 10.4 6.4 15.2 14.4 15.2 11.2 0 18.4-7.2 20.8-14.4 0.8-1.6 0.8-3.2 0.8-4.8v-15.2z",
					"M349.6 569.6v-9.6l12-12c29.6-28 43.2-43.2 43.2-60.8 0-12-5.6-22.4-23.2-22.4-10.4 0-19.2 5.6-24.8 9.6l-4.8-10.4c8-6.4 19.2-12 32.8-12 24.8 0 35.2 16.8 35.2 33.6 0 21.6-15.2 38.4-40 62.4l-9.6 8.8h52v12.8h-72.8z",
					"M444.8 552c4.8 3.2 14.4 7.2 25.6 7.2 20 0 26.4-12.8 26.4-22.4 0-16-14.4-23.2-29.6-23.2h-8.8v-12h8.8c11.2 0 25.6-5.6 25.6-20 0-9.6-5.6-17.6-20-17.6-9.6 0-18.4 4-23.2 8l-4-11.2c6.4-4.8 17.6-8.8 30.4-8.8 23.2 0 32.8 13.6 32.8 28 0 12-7.2 22.4-21.6 27.2v0c14.4 3.2 25.6 13.6 25.6 29.6 0 18.4-14.4 34.4-42.4 34.4-12.8 0-24.8-4-30.4-8l4.8-11.2z",
					"M546.4 529.6c0 21.6 13.6 29.6 29.6 29.6 11.2 0 18.4-1.6 24-4.8l2.4 11.2c-5.6 2.4-15.2 5.6-28.8 5.6-26.4 0-42.4-17.6-42.4-43.2s15.2-46.4 40.8-46.4c28 0 36 24.8 36 40.8 0 3.2 0 5.6-0.8 7.2h-60.8zM592 518.4c0-9.6-4-25.6-21.6-25.6-16 0-23.2 14.4-24 25.6h45.6z"
				],
				"attrs": [],
				"isMulticolor": false,
				"grid": 0,
				"tags": [
					"menu-token"
				]
			},
			"attrs": [],
			"properties": {
				"order": 24,
				"id": 29,
				"prevSize": 32,
				"code": 59671,
				"name": "menu-token"
			},
			"setIdx": 0,
			"setId": 0,
			"iconIdx": 23
		},
		{
			"icon": {
				"paths": [
					"M662.4 819.2h-278.4c-9.6 0-17.6-7.2-19.2-16l-67.2-440.8c-0.8-5.6 0.8-11.2 4.8-15.2s8.8-6.4 14.4-6.4h412.8c5.6 0 11.2 2.4 14.4 6.4s5.6 9.6 4.8 15.2l-67.2 440.8c-1.6 9.6-9.6 16-19.2 16zM400.8 780.8h244.8l61.6-403.2h-368l61.6 403.2z",
					"M451.2 794.4c-4.8 0-8.8-3.2-9.6-8l-28.8-199.2c-0.8-5.6 3.2-10.4 8-11.2 5.6-0.8 10.4 3.2 11.2 8l28.8 200c0.8 5.6-3.2 10.4-8 11.2 0-0.8-0.8-0.8-1.6-0.8z",
					"M412.8 430.4c-6.4 0.8-12.8 1.6-18.4 1.6 0 0 0 0.8 0 0.8l9.6 115.2c0.8 4.8 4.8 8.8 9.6 8.8 0 0 0.8 0 0.8 0 5.6-0.8 8.8-4.8 8.8-10.4l-10.4-116c0 0.8 0 0.8 0 0z",
					"M595.2 804c-0.8 0-0.8 0-1.6 0-5.6-0.8-8.8-5.6-8-10.4l27.2-209.6c0.8-5.6 5.6-8.8 10.4-8 5.6 0.8 8.8 5.6 8 10.4l-27.2 208.8c0 5.6-4 8.8-8.8 8.8z",
					"M640.8 444c-3.2-0.8-6.4-0.8-9.6-1.6l-8.8 104c-0.8 5.6 3.2 9.6 8.8 10.4 0 0 0.8 0 0.8 0 4.8 0 8.8-4 9.6-8.8l8.8-104c-3.2 0-6.4 0-9.6 0z",
					"M724 320.8h-421.6c-10.4 0-19.2-8.8-19.2-19.2s8.8-19.2 19.2-19.2h422.4c10.4 0 19.2 8.8 19.2 19.2s-8.8 19.2-20 19.2z",
					"M523.2 685.6c-5.6 0-9.6-4-9.6-9.6v-230.4c0-5.6 4-9.6 9.6-9.6s9.6 4 9.6 9.6v230.4c-0 4.8-4.8 9.6-9.6 9.6z",
					"M523.2 809.6c-5.6 0-9.6-4-9.6-9.6v-85.6c0-5.6 4-9.6 9.6-9.6s9.6 4 9.6 9.6v85.6c-0 5.6-4.8 9.6-9.6 9.6z",
					"M714.4 445.6h-384c-5.6 0-9.6-4-9.6-9.6s4-9.6 9.6-9.6h384c5.6 0 9.6 4 9.6 9.6s-4 9.6-9.6 9.6z",
					"M576 296c-10.4 0-19.2-8.8-19.2-19.2 0-20.8-17.6-38.4-38.4-38.4s-38.4 17.6-38.4 38.4c0 10.4-8.8 19.2-19.2 19.2s-19.2-8.8-19.2-19.2c0-42.4 34.4-76.8 76.8-76.8s76.8 34.4 76.8 76.8c0 10.4-8.8 19.2-19.2 19.2z"
				],
				"attrs": [],
				"isMulticolor": false,
				"grid": 0,
				"tags": [
					"menu-trash"
				]
			},
			"attrs": [],
			"properties": {
				"order": 25,
				"id": 28,
				"prevSize": 32,
				"code": 59672,
				"name": "menu-trash"
			},
			"setIdx": 0,
			"setId": 0,
			"iconIdx": 24
		},
		{
			"icon": {
				"paths": [
					"M276.8 523.2l-31.2 32.8 269.6 269.6 271.2-269.6-31.2-32.8-218.4 217.6v-540.8h-44v540.8z"
				],
				"attrs": [],
				"isMulticolor": false,
				"grid": 0,
				"tags": [
					"move_down"
				]
			},
			"attrs": [],
			"properties": {
				"order": 26,
				"id": 27,
				"prevSize": 32,
				"code": 59673,
				"name": "move_down"
			},
			"setIdx": 0,
			"setId": 0,
			"iconIdx": 25
		},
		{
			"icon": {
				"paths": [
					"M276.8 503.2l-31.2-33.6 269.6-269.6 271.2 269.6-31.2 33.6-218.4-218.4v540.8h-44v-540.8z"
				],
				"attrs": [],
				"isMulticolor": false,
				"grid": 0,
				"tags": [
					"move_up"
				]
			},
			"attrs": [],
			"properties": {
				"order": 27,
				"id": 26,
				"prevSize": 32,
				"code": 59674,
				"name": "move_up"
			},
			"setIdx": 0,
			"setId": 0,
			"iconIdx": 26
		},
		{
			"icon": {
				"paths": [
					"M511.2 556.8c36 0 69.6-3.2 100.8-8.8v-36.8c0-26.4 13.6-49.6 33.6-63.2-40 10.4-85.6 16-134.4 16-150.4 0-272.8-54.4-272.8-121.6v92.8c-0 68 122.4 121.6 272.8 121.6v0zM511.2 556.8z",
					"M784 309.6c0 67.2-121.6 121.6-272.8 121.6-150.4 0-272.8-54.4-272.8-121.6s122.4-121.6 272.8-121.6c150.4 0.8 272.8 55.2 272.8 121.6v0zM784 309.6z",
					"M784 343.2c0 37.6-37.6 70.4-97.6 92.8 0 0 0.8 0 0.8 0h50.4c16 0 31.2 5.6 44 14.4 1.6-4.8 1.6-9.6 1.6-14.4 0.8-24.8 0.8-50.4 0.8-92.8v0zM784 343.2z",
					"M485.6 682.4v-44.8c0-17.6 6.4-34.4 16.8-47.2-147.2-1.6-264-55.2-264-120.8v92.8c-0 62.4 108.8 114.4 247.2 120v0zM485.6 682.4z",
					"M612 763.2h-50.4c-32 0-59.2-20-70.4-47.2-141.6-4.8-252.8-56.8-252.8-120.8v92.8c0 67.2 121.6 121.6 272.8 121.6 36 0 69.6-3.2 100.8-8.8v-37.6zM612 763.2z",
					"M864 612h-100.8v-100.8c0-13.6-11.2-24.8-25.6-24.8h-50.4c-13.6 0-24.8 11.2-24.8 24.8v100.8h-100.8c-13.6 0-24.8 11.2-24.8 24.8v51.2c0 13.6 11.2 25.6 24.8 25.6h100.8v100.8c0 13.6 11.2 25.6 24.8 25.6h50.4c13.6 0 25.6-11.2 25.6-25.6v-101.6h100.8c13.6 0 25.6-11.2 25.6-25.6v-50.4c0-12.8-12-24.8-25.6-24.8v0zM864 612z"
				],
				"attrs": [],
				"isMulticolor": false,
				"grid": 0,
				"tags": [
					"provider-add"
				]
			},
			"attrs": [],
			"properties": {
				"order": 28,
				"id": 25,
				"prevSize": 32,
				"code": 59675,
				"name": "provider-add"
			},
			"setIdx": 0,
			"setId": 0,
			"iconIdx": 27
		},
		{
			"icon": {
				"paths": [
					"M812.025 860.127l-104.357 75.822 39.949-121.478-103.541-75.822h128.815l39.134-122.293 39.949 122.293h128.815l-103.541 75.822 39.949 121.478z",
					"M510.369 432.917c160.611 0 272.306-61.962 272.306-117.401s-111.694-116.586-272.306-116.586-272.306 61.962-272.306 117.401 110.879 116.586 272.306 116.586z",
					"M733.758 706.854l15.49-46.471c-31.796 20.382-74.191 36.688-125.554 46.471 0 0 110.064 0 110.064 0z",
					"M510.369 693.809c119.847 0 211.975-34.242 251.924-74.191l20.382-63.592v-49.732c-46.471 49.732-150.013 83.975-272.306 83.975s-226.65-36.688-272.306-86.42v72.561c0 55.439 110.879 117.401 272.306 117.401z",
					"M510.369 563.363c160.611 0 272.306-61.962 272.306-117.401v-70.93c-46.471 49.732-150.013 83.975-272.306 83.975s-225.834-34.242-272.306-83.975v70.93c0 55.439 110.879 117.401 272.306 117.401z",
					"M581.299 713.376c-22.828 2.446-46.471 3.261-70.93 3.261-122.293 0-225.834-33.427-272.306-83.159v72.561c0 55.439 110.879 117.401 272.306 117.401 72.561 0 135.338-13.045 182.624-31.796-0.815-0-111.694-78.268-111.694-78.268z"
				],
				"attrs": [],
				"isMulticolor": false,
				"grid": 0,
				"tags": [
					"provider-default"
				]
			},
			"attrs": [],
			"properties": {
				"order": 29,
				"id": 24,
				"prevSize": 32,
				"code": 59676,
				"name": "provider-default"
			},
			"setIdx": 0,
			"setId": 0,
			"iconIdx": 28
		},
		{
			"icon": {
				"paths": [
					"M512 434.4c160.8 0 271.2-61.6 271.2-116.8s-110.4-116.8-271.2-116.8-271.2 61.6-271.2 116.8 110.4 116.8 271.2 116.8z",
					"M240.8 635.2v71.2c0 55.2 111.2 116.8 271.2 116.8s271.2-61.6 271.2-116.8v-73.6c-46.4 49.6-149.6 84-271.2 84s-225.6-32-271.2-81.6z",
					"M240.8 505.6v72c0 55.2 111.2 116.8 271.2 116.8s271.2-61.6 271.2-116.8v-71.2c-46.4 49.6-149.6 84-271.2 84s-225.6-35.2-271.2-84.8z",
					"M240.8 376.8v71.2c0 55.2 111.2 116.8 271.2 116.8s271.2-61.6 271.2-116.8v-71.2c-46.4 49.6-149.6 84-271.2 84s-225.6-34.4-271.2-84z"
				],
				"attrs": [],
				"isMulticolor": false,
				"grid": 0,
				"tags": [
					"provider"
				]
			},
			"attrs": [],
			"properties": {
				"order": 30,
				"id": 23,
				"prevSize": 32,
				"code": 59677,
				"name": "provider"
			},
			"setIdx": 0,
			"setId": 0,
			"iconIdx": 29
		},
		{
			"icon": {
				"paths": [
					"M624 272.8v-24c0-26.4-21.6-48.8-48.8-48.8h-124c-26.4 0-48.8 21.6-48.8 48.8v24h-126.4v24h26.4l24 473.6c0 26.4 21.6 48.8 48.8 48.8h274.4c26.4 0 48.8-21.6 48.8-48.8l24-473.6h24v-24h-122.4zM424.8 248.8c0-14.4 12-24 24-24h124c14.4 0 24 12 24 24v24h-172v-24zM427.2 744l-24-396 24-2.4 24 396-24 2.4zM524 744h-24v-398.4h24v398.4zM599.2 744l-24-2.4 24-398.4 24 2.4-24 398.4z"
				],
				"attrs": [],
				"isMulticolor": false,
				"grid": 0,
				"tags": [
					"remove"
				]
			},
			"attrs": [],
			"properties": {
				"order": 31,
				"id": 22,
				"prevSize": 32,
				"code": 59678,
				"name": "remove"
			},
			"setIdx": 0,
			"setId": 0,
			"iconIdx": 30
		},
		{
			"icon": {
				"paths": [
					"M776 304.8l-35.2-35.2c-21.6-21.6-55.2-21.6-76.8 0l-13.6 13.6 111.2 111.2 13.6-13.6c22.4-20.8 22.4-55.2 0.8-76v0zM776 304.8z",
					"M624 310.4l-309.6 309.6 111.2 111.2 312-311.2-111.2-112-2.4 2.4zM624 310.4z",
					"M232 813.6l169.6-55.2-114.4-114.4-55.2 169.6zM361.6 748.8l-55.2 18.4-27.2-27.2 17.6-55.2 64.8 64zM361.6 748.8z"
				],
				"attrs": [],
				"isMulticolor": false,
				"grid": 0,
				"tags": [
					"rename"
				]
			},
			"attrs": [],
			"properties": {
				"order": 32,
				"id": 21,
				"prevSize": 32,
				"code": 59679,
				"name": "rename"
			},
			"setIdx": 0,
			"setId": 0,
			"iconIdx": 31
		},
		{
			"icon": {
				"paths": [
					"M812 791.2l-179.2-180c36-44 58.4-99.2 58.4-160-0.8-139.2-112.8-251.2-252-251.2s-251.2 112-251.2 251.2 112 251.2 251.2 251.2c60.8 0 116-20.8 160-58.4l180 180 32.8-32.8zM215.2 449.6c0-124 100.8-224.8 224.8-224.8s224 100.8 224 224.8-100 224.8-224.8 224.8-224-100-224-224.8z"
				],
				"attrs": [],
				"isMulticolor": false,
				"grid": 0,
				"tags": [
					"search"
				]
			},
			"attrs": [],
			"properties": {
				"order": 33,
				"id": 20,
				"prevSize": 32,
				"code": 59680,
				"name": "search"
			},
			"setIdx": 0,
			"setId": 0,
			"iconIdx": 32
		},
		{
			"icon": {
				"paths": [
					"M743.2 200c-52.8 0-96 43.2-96 96 0 9.6 0.8 18.4 4 26.4l-281.6 117.6c-16.8-28.8-48-48-83.2-48-52.8 0-96 43.2-96 96s43.2 96 96 96c28 0 52.8-12 71.2-31.2l181.6 129.6c-7.2 13.6-11.2 28.8-11.2 44.8 0 52.8 43.2 96 96 96s96-43.2 96-96-43.2-96-96-96c-28 0-54.4 12-71.2 31.2l-180-129.6c7.2-13.6 12-28.8 12-45.6 0-8.8-0.8-18.4-4-25.6l281.6-117.6c16.8 28.8 48 48 83.2 48 52.8 0 96-43.2 96-96-2.4-52.8-45.6-96-98.4-96z"
				],
				"attrs": [],
				"isMulticolor": false,
				"grid": 0,
				"tags": [
					"share"
				]
			},
			"attrs": [],
			"properties": {
				"order": 34,
				"id": 19,
				"prevSize": 32,
				"code": 59681,
				"name": "share"
			},
			"setIdx": 0,
			"setId": 0,
			"iconIdx": 33
		},
		{
			"icon": {
				"paths": [
					"M313.937 439.195l-137.942 109.402 198.193 130.014 137.942-117.33z",
					"M512.13 313.937l-137.942-114.159-198.193 130.014 137.942 109.402z",
					"M715.080 439.195l133.186-109.402-195.022-130.014-141.113 114.159z",
					"M715.080 439.195l-202.949 122.087 141.113 117.33 195.022-130.014z",
					"M317.108 707.152l198.193 117.33 195.022-117.33v-45.981l-57.080 41.224-137.942-117.33-141.113 117.33-57.080-41.224z"
				],
				"attrs": [],
				"isMulticolor": false,
				"grid": 0,
				"tags": [
					"social-dropbox"
				]
			},
			"attrs": [],
			"properties": {
				"order": 35,
				"id": 18,
				"prevSize": 32,
				"code": 59682,
				"name": "social-dropbox"
			},
			"setIdx": 0,
			"setId": 0,
			"iconIdx": 34
		},
		{
			"icon": {
				"paths": [
					"M369.6 406.4h64v-64c0-26.4 0-71.2 18.4-97.6 22.4-26.4 48.8-44.8 97.6-44.8 79.2 0 116.8 11.2 116.8 11.2l-15.2 97.6c0 0-26.4-7.2-52.8-7.2s-48.8 7.2-48.8 33.6v71.2h101.6l-7.2 93.6h-94.4v324h-120v-323.2h-64v-94.4h4z"
				],
				"attrs": [],
				"isMulticolor": false,
				"grid": 0,
				"tags": [
					"social-facebook"
				]
			},
			"attrs": [],
			"properties": {
				"order": 36,
				"id": 17,
				"prevSize": 32,
				"code": 59683,
				"name": "social-facebook"
			},
			"setIdx": 0,
			"setId": 0,
			"iconIdx": 35
		},
		{
			"icon": {
				"paths": [
					"M640.697 568.926c-29.053 0-50.461 33.64-50.461 71.868s21.408 71.868 50.461 71.868c29.053 0 50.461-33.64 50.461-71.868 4.587-41.286-21.408-71.868-50.461-71.868v0zM822.662 382.374c4.587-12.233 4.587-97.863-25.995-178.906 0 0-71.868 9.175-181.964 81.043-21.408-4.587-64.223-9.175-102.45-9.175s-76.456 4.587-102.45 9.175c-110.096-76.456-181.964-81.043-181.964-81.043-25.995 81.043-25.995 165.144-21.408 178.906-38.228 38.228-59.635 88.688-59.635 152.911 0 284.415 237.012 289.002 296.647 289.002 12.233 0 42.815 0 67.281 0 29.053 0 55.048 0 67.281 0 59.635 0 296.647-4.587 296.647-289.002 7.646-64.223-13.762-114.683-51.99-152.911v0zM516.839 790.647v0c-152.911 0-267.594-16.82-267.594-165.144 0-33.64 12.233-67.281 42.815-93.276 50.461-47.402 131.504-21.408 224.779-21.408v0 0c93.276 0 178.906-25.995 224.779 21.408 29.053 25.995 42.815 59.635 42.815 93.276 0 148.324-119.271 165.144-267.594 165.144v0zM389.923 568.926c-29.053 0-50.461 33.64-50.461 71.868s21.408 71.868 50.461 71.868 50.461-33.64 50.461-71.868c0-41.286-21.408-71.868-50.461-71.868v0z"
				],
				"attrs": [],
				"isMulticolor": false,
				"grid": 0,
				"tags": [
					"social-github"
				]
			},
			"attrs": [],
			"properties": {
				"order": 37,
				"id": 16,
				"prevSize": 32,
				"code": 59684,
				"name": "social-github"
			},
			"setIdx": 0,
			"setId": 0,
			"iconIdx": 36
		},
		{
			"icon": {
				"paths": [
					"M416 793.6c-74.4 0-125.6-48-125.6-104s66.4-100 140.8-100c18.4 0 33.6 4 48 7.2 40.8 25.6 66.4 44.8 77.6 74.4 0 7.2 4 15.2 4 18.4-8 59.2-40.8 104-144.8 104zM434.4 464c-48 0-96-55.2-104-118.4s25.6-115.2 74.4-111.2c48 0 96 52 104 118.4 7.2 63.2-26.4 114.4-74.4 111.2zM538.4 560c-18.4-11.2-52-40.8-52-59.2 0-22.4 7.2-29.6 36.8-55.2 33.6-25.6 55.2-59.2 55.2-100 0-48-22.4-96-63.2-111.2h59.2l44.8-29.6h-192c-85.6 0-166.4 66.4-166.4 140.8 0 77.6 59.2 140.8 144.8 140.8 7.2 0 11.2 0 18.4 0-7.2 11.2-11.2 22.4-11.2 36.8 0 22.4 11.2 36.8 25.6 52-11.2 0-22.4 0-33.6 0-107.2 0-188.8 66.4-188.8 136.8s88.8 111.2 196 111.2c122.4 0 188.8-70.4 188.8-136.8 4-56-14.4-88.8-62.4-126.4zM816 471.2h-74.4v-74.4h-59.2v74.4h-74.4v59.2h74.4v74.4h59.2v-74.4h74.4v-59.2z"
				],
				"attrs": [],
				"isMulticolor": false,
				"grid": 0,
				"tags": [
					"social-google"
				]
			},
			"attrs": [],
			"properties": {
				"order": 38,
				"id": 15,
				"prevSize": 32,
				"code": 59685,
				"name": "social-google"
			},
			"setIdx": 0,
			"setId": 0,
			"iconIdx": 37
		},
		{
			"icon": {
				"paths": [
					"M555.897 541.716h19.286v156.559h-19.286v-156.559z",
					"M533.207 430.536h-26.093v-57.859h26.093c15.883 0 26.093 6.807 26.093 28.362-3.403 22.69-9.076 29.497-26.093 29.497zM533.207 356.795h-44.245v156.559h19.286v-64.666h26.093c28.362 0 44.245-12.479 44.245-44.245s-15.883-47.648-45.379-47.648v0z",
					"M473.079 618.86h-26.093v-61.262h26.093c15.883 0 26.093 6.807 26.093 28.362-1.134 22.69-6.807 32.9-26.093 32.9zM495.769 631.34c15.883-6.807 26.093-19.286 26.093-44.245 0-31.766-15.883-44.245-44.245-44.245h-44.245v155.424h19.286v-61.262h22.69l35.169 61.262h22.69l-37.438-66.934z",
					"M393.666 694.871v-93.028h-38.572v19.286h19.286v57.859h-28.362c-19.286 0-28.362-9.076-28.362-26.093v-66.934c0-19.286 9.076-26.093 28.362-26.093h51.052v-19.286h-51.052c-31.766 0-51.052 15.883-51.052 44.245v66.934c0 28.362 15.883 44.245 51.052 44.245h47.648c-0 2.269-0-1.134-0-1.134z",
					"M606.948 356.795v153.155h89.624v-15.883h-70.338v-137.272z",
					"M687.497 650.626c0 19.286-9.076 26.093-28.362 26.093h-28.362v-119.121h28.362c19.286 0 28.362 9.076 28.362 26.093v66.934c0 0 0 0 0 0zM658 541.716h-51.052v156.559h51.052c31.766 0 51.052-15.883 51.052-44.245v-66.934c-2.269-32.9-19.286-45.379-51.052-45.379v0z",
					"M153.155 513.353h77.145l31.766-31.766-108.91-13.614z",
					"M655.731 289.86l-166.769 2.269 28.362 29.497h103.238z",
					"M453.793 254.691l-19.286-54.455-47.648 15.883 35.169 290.428 31.766-31.766z",
					"M658 241.078l-172.441 15.883v26.093l172.441-3.403z",
					"M722.666 471.378h54.455l-6.807-40.841-80.548 9.076z",
					"M782.793 532.64l-5.672-45.379-38.572 38.572z",
					"M687.497 430.536l82.817-10.21-19.286-188.324-63.531 6.807z",
					"M738.548 714.157l54.455-91.893-10.21-83.952-44.245-5.672z",
					"M376.648 219.522l-82.817 24.959v230.3l35.169 35.169h82.817z",
					"M393.666 772.016l188.324-12.479-29.497-31.766-232.569-3.403z",
					"M585.393 765.209l-179.248 15.883 40.841 29.497 138.407 15.883z",
					"M156.559 589.364l108.91-15.883-35.169-31.766h-73.741z",
					"M265.469 583.691l-108.91 12.479 3.403 28.362 105.507 68.069z",
					"M153.155 458.898l112.314 12.479v-216.686l-117.986 37.438z",
					"M786.197 781.091h-12.479v-35.169h12.479c9.076 0 12.479 3.403 12.479 15.883 0 13.614-3.403 19.286-12.479 19.286zM798.676 787.898c9.076-3.403 12.479-12.479 12.479-26.093 0-19.286-9.076-26.093-26.093-26.093h-26.093v87.355h12.479v-35.169h12.479l19.286 35.169h12.479l-17.017-35.169c0 0 0 0 0 0z",
					"M824.769 829.874h-19.286l-19.286-35.169h-9.076v35.169h-19.286v-93.028h28.362c19.286 0 28.362 9.076 28.362 28.362 0 12.479-3.403 22.69-12.479 28.362l22.69 36.303zM808.886 823.067h6.807l-19.286-35.169h3.403c6.807-3.403 12.479-9.076 12.479-22.69 0-15.883-6.807-22.69-22.69-22.69h-22.69v79.414h3.403v-35.169h19.286c0 1.134 19.286 36.303 19.286 36.303zM786.197 784.495h-15.883v-40.841h15.883c12.479 0 15.883 6.807 15.883 19.286-0 18.152-9.076 21.555-15.883 21.555zM777.121 778.822h9.076c6.807 0 9.076-3.403 9.076-12.479s-3.403-12.479-9.076-12.479h-9.076v24.959z",
					"M668.21 826.471c0-3.403 0-3.403 0-9.076-3.403 0-6.807 0-9.076 0h-17.017c-6.807 0-9.076 0-12.479-3.403s-3.403-6.807-3.403-12.479v-38.572c0-9.076 6.807-15.883 15.883-15.883h28.362v-9.076h-28.362c-19.286 0-28.362 9.076-28.362 26.093 0 0 0 9.076 0 19.286 0 9.076 0 19.286 0 19.286 0 15.883 9.076 26.093 28.362 26.093h26.093v-2.269z",
					"M671.614 829.874h-31.766c-26.093 0-31.766-15.883-31.766-28.362v-38.572c0-12.479 6.807-28.362 31.766-28.362h31.766v15.883h-31.766c-12.479 0-12.479 6.807-12.479 12.479v37.438c0 3.403 0 6.807 3.403 9.076 3.403 3.403 6.807 3.403 9.076 3.403h15.883c6.807 0 9.076 0 9.076 0h3.403v15.883h3.403zM638.714 740.25c-15.883 0-26.093 6.807-26.093 22.69v37.438c0 15.883 6.807 22.69 26.093 22.69h26.093v-3.403c-3.403 0-3.403 0-6.807 0h-15.883c-6.807 0-12.479 0-15.883-3.403s-6.807-6.807-6.807-12.479v-38.572c0-12.479 6.807-19.286 19.286-19.286h26.093v-2.269h-26.093v-3.403z",
					"M724.934 810.588c3.403-3.403 3.403-6.807 3.403-12.479v-38.572c0-9.076-6.807-15.883-15.883-15.883v0c-9.076 0-15.883 6.807-15.883 15.883v40.841c0 6.807 0 9.076 3.403 12.479s6.807 3.403 12.479 3.403v0c6.807-2.269 10.21-2.269 12.479-5.672 0 0 0 0 0 0zM712.455 740.25v0c19.286 0 28.362 6.807 28.362 26.093 0 0 0 9.076 0 19.286s0 19.286 0 19.286c0 15.883-6.807 22.69-22.69 26.093h-13.614c-15.883-3.403-22.69-9.076-22.69-26.093 0 0 0-9.076 0-19.286s0-19.286 0-19.286c5.672-20.421 14.748-29.497 30.631-26.093 0 0 0 0 0 0z",
					"M715.859 829.874h-6.807c-15.883-3.403-26.093-12.479-26.093-28.362v-38.572c0-12.479 6.807-26.093 28.362-28.362v0h6.807c22.69 0 28.362 15.883 28.362 28.362v37.438c-2.269 15.883-11.345 26.093-30.631 29.497v0zM712.455 740.25c-15.883 0-26.093 6.807-26.093 22.69v37.438c0 12.479 6.807 19.286 19.286 22.69h12.479c12.479 0 19.286-9.076 19.286-22.69v-38.572c1.134-12.479-5.672-21.555-24.959-21.555zM712.455 816.26c-6.807 0-12.479 0-15.883-3.403s-6.807-6.807-6.807-12.479v-38.572c0-12.479 6.807-19.286 19.286-19.286s19.286 6.807 19.286 19.286v38.572c0 6.807-3.403 9.076-6.807 12.479v0c3.403 3.403-2.269 3.403-9.076 3.403zM712.455 749.326c-12.479 0-12.479 6.807-12.479 12.479v38.572c0 3.403 0 6.807 3.403 9.076 3.403 3.403 6.807 3.403 9.076 3.403 3.403 0 9.076 0 9.076-3.403 3.403-3.403 3.403-3.403 3.403-9.076v-38.572c3.403-5.672 0-9.076-12.479-12.479z",
					"M884.897 784.495h-40.841v29.497h40.841v12.479h-51.052v-89.624h51.052v9.076h-40.841v29.497h40.841z",
					"M888.3 829.874h-57.859v-93.028h57.859v15.883h-41.976v19.286h41.976v15.883h-41.976v26.093h41.976v15.883zM837.248 823.067h44.245v-3.403h-41.976v-38.572h41.976v-3.403h-41.976v-31.766h41.976v-2.269h-44.245c0 0 0 79.414 0 79.414z"
				],
				"attrs": [],
				"isMulticolor": false,
				"grid": 0,
				"tags": [
					"social-plgrid"
				]
			},
			"attrs": [],
			"properties": {
				"order": 39,
				"id": 14,
				"prevSize": 32,
				"code": 59686,
				"name": "social-plgrid"
			},
			"setIdx": 0,
			"setId": 0,
			"iconIdx": 38
		},
		{
			"icon": {
				"paths": [
					"M819.2 426.4c0-3.2 0-4.8 0-8 0-136.8-109.6-245.6-245.6-245.6-98.4 0-182.4 56.8-222.4 140-17.6-8-36.8-14.4-56.8-14.4-63.2 0-114.4 46.4-125.6 106.4-75.2 24.8-128.8 96-128.8 178.4 0 104.8 85.6 190.4 190.4 190.4h588.8c95.2 0 172.8-77.6 172.8-174.4 1.6-95.2-76-172.8-172.8-172.8zM667.2 538.4h-117.6v118.4h-32.8v-118.4h-117.6v-32.8h117.6v-117.6h32.8v118.4h118.4v32z"
				],
				"attrs": [],
				"isMulticolor": false,
				"grid": 0,
				"tags": [
					"space-add"
				]
			},
			"attrs": [],
			"properties": {
				"order": 40,
				"id": 13,
				"prevSize": 32,
				"code": 59687,
				"name": "space-add"
			},
			"setIdx": 0,
			"setId": 0,
			"iconIdx": 39
		},
		{
			"icon": {
				"paths": [
					"M753.133 807.383l-133.456-95.995h163.894l49.168-154.528 51.509 154.528h91.312c11.707-23.413 16.389-49.168 16.389-74.923 2.341-95.995-77.264-173.259-173.259-173.259 0-2.341 0-4.683 0-7.024 0-138.139-110.043-248.182-248.182-248.182-98.336 0-184.966 58.534-224.769 140.48-18.731-7.024-37.461-14.048-58.534-14.048-63.216 0-114.726 46.827-126.432 107.702-74.923 25.755-128.774 98.336-128.774 180.283 0 105.36 86.63 191.99 191.99 191.99h526.802l2.341-7.024z",
					"M837.421 631.783l32.779 105.36h110.043l-88.971 63.216 35.12 105.36-88.971-65.558-88.971 65.558 35.12-105.36-91.312-63.216h112.384z"
				],
				"attrs": [],
				"isMulticolor": false,
				"grid": 0,
				"tags": [
					"space-default"
				]
			},
			"attrs": [],
			"properties": {
				"order": 41,
				"id": 12,
				"prevSize": 32,
				"code": 59688,
				"name": "space-default"
			},
			"setIdx": 0,
			"setId": 0,
			"iconIdx": 40
		},
		{
			"icon": {
				"paths": [
					"M573.6 232c117.6 0 214.4 96 214.4 213.6v1.6c0 1.6 0 3.2 0 4.8l-1.6 32h32c77.6 0 142.4 64.8 142.4 142.4s-63.2 142.4-142.4 142.4h-587.2c-87.2-0-158.4-71.2-158.4-158.4 0-68 42.4-128 108-150.4l17.6-6.4 3.2-19.2c8-45.6 47.2-79.2 93.6-79.2 14.4 0 28.8 3.2 42.4 9.6l28.8 14.4 14.4-28.8c34.4-71.2 110.4-118.4 192.8-118.4zM573.6 200c-98.4 0-182.4 56.8-221.6 139.2-17.6-8-36.8-14.4-56.8-14.4-63.2 0-114.4 45.6-125.6 106.4-74.4 25.6-128 96.8-128 179.2 0 104.8 85.6 190.4 190.4 190.4h588c95.2 0 172.8-77.6 172.8-174.4s-77.6-174.4-174.4-174.4c0-3.2 0-4.8 0-8 0.8-134.4-109.6-244-244.8-244v0z"
				],
				"attrs": [],
				"isMulticolor": false,
				"grid": 0,
				"tags": [
					"space-empty"
				]
			},
			"attrs": [],
			"properties": {
				"order": 42,
				"id": 11,
				"prevSize": 32,
				"code": 59689,
				"name": "space-empty"
			},
			"setIdx": 0,
			"setId": 0,
			"iconIdx": 41
		},
		{
			"icon": {
				"paths": [
					"M815.2 453.6c0-3.2 0-4.8 0-8 0-136-109.6-245.6-245.6-245.6-97.6-0-181.6 56.8-221.6 139.2-17.6-8-36.8-14.4-56.8-14.4-63.2 0-114.4 45.6-124.8 106.4-74.4 25.6-128 96.8-128 179.2 0 104.8 85.6 190.4 190.4 190.4h587.2c95.2 0 172.8-77.6 172.8-174.4 0.8-95.2-76.8-172.8-173.6-172.8zM514.4 691.2c-79.2 0-142.4-63.2-142.4-142.4s63.2-142.4 142.4-142.4v-47.2l118.4 68-118.4 68v-58.4c-61.6 0-111.2 48.8-111.2 111.2s48.8 111.2 111.2 111.2 111.2-48.8 111.2-111.2h32c-0.8 77.6-65.6 143.2-143.2 143.2z"
				],
				"attrs": [],
				"isMulticolor": false,
				"grid": 0,
				"tags": [
					"space-reload"
				]
			},
			"attrs": [],
			"properties": {
				"order": 43,
				"id": 10,
				"prevSize": 32,
				"code": 59690,
				"name": "space-reload"
			},
			"setIdx": 0,
			"setId": 0,
			"iconIdx": 42
		},
		{
			"icon": {
				"paths": [
					"M817.6 458.4c0-3.2 0-4.8 0-8 0-137.6-110.4-247.2-247.2-247.2-99.2 0-183.2 57.6-223.2 140.8-17.6-8-36.8-14.4-57.6-14.4-64 0-115.2 46.4-126.4 107.2-75.2 24.8-128.8 96.8-128.8 180 0 104.8 85.6 191.2 191.2 191.2h592c96 0 173.6-78.4 173.6-175.2 1.6-96-76-174.4-173.6-174.4z"
				],
				"attrs": [],
				"isMulticolor": false,
				"grid": 0,
				"tags": [
					"space"
				]
			},
			"attrs": [],
			"properties": {
				"order": 44,
				"id": 9,
				"prevSize": 32,
				"code": 59691,
				"name": "space"
			},
			"setIdx": 0,
			"setId": 0,
			"iconIdx": 43
		},
		{
			"icon": {
				"paths": [
					"M516 192c-14.092 0-26.412 9.235-30.75 22.25v0.25l-59.25 196-203.5-4c-13.682 0-26.749 8.433-31 22.25-4.189 13.615 1.019 28.586 12.75 36.25l0.25 0.25 167.5 116.25-68.25 191.75-0.25 0.25v0.25c-4.060 13.194 0.245 27.934 12 35.75l-0.25 0.25c0.156 0.114 0.343 0.14 0.5 0.25 11.361 7.962 26.495 7.936 37.75-0.25v-0.25h0.25l162.25-123.75 162.25 123.75c11.047 8.838 26.902 8.685 38.5 0.25 11.644-8.469 16.046-23.361 11.75-36.25h-0.25l-66.75-192.75 167.5-116.5c0.104-0.066 0.147-0.183 0.25-0.25 11.73-7.664 16.939-22.385 12.75-36-4.251-13.817-17.068-22.5-30.75-22.5h-0.25l-205 4.75-59.25-195c-4.217-13.706-16.658-23.25-30.75-23.25zM516 208c6.708 0 13.317 4.906 15.5 12l62.5 206.5h6.25l211-5c0.085 0 0.165-0.001 0.25 0 7.013 0.098 13.127 4.35 15.25 11.25 2.174 7.066-0.6 14.404-6.25 18l-0.25 0.25-177.75 123.5 2 5.75 68.75 198.25c2.104 6.311-0.045 13.919-6 18.25-6.002 4.365-14.047 4.212-19 0.25h-0.25v-0.25l-172-130.75-4.75 3.75-167.25 127c-6.189 4.501-13.061 4.501-19.25 0l-0.25-0.25h-0.25c-5.338-3.397-7.525-10.511-5.5-17.75l70.5-197.75 2-5.75-5-3.5-173-120h-0.25c-5.65-3.596-8.424-11.184-6.25-18.25 2.123-6.9 8.487-10.902 15.5-11h0.25l215.5 4 1.75-5.75 60.75-201.5v-0.25c2.135-6.102 8.859-11 15.5-11z"
				],
				"attrs": [],
				"isMulticolor": false,
				"grid": 0,
				"tags": [
					"star-empty"
				]
			},
			"attrs": [],
			"properties": {
				"order": 45,
				"id": 8,
				"prevSize": 32,
				"code": 59692,
				"name": "star-empty"
			},
			"setIdx": 0,
			"setId": 0,
			"iconIdx": 44
		},
		{
			"icon": {
				"paths": [
					"M492.8 216.8l-60.8 201.6-209.6-4c-10.4 0-20 6.4-23.2 16.8s0.8 21.6 9.6 27.2l172.8 120-70.4 197.6c-3.2 10.4 0 21.6 8.8 27.2 8.8 6.4 20 6.4 28.8 0l167.2-127.2 167.2 127.2c8 6.4 20 6.4 28.8 0s12-17.6 8.8-27.2l-68.8-198.4 172.8-120c8.8-5.6 12.8-16.8 9.6-27.2s-12.8-16.8-23.2-16.8l-211.2 4.8-60.8-200.8c-3.2-10.4-12.8-17.6-23.2-17.6s-20 7.2-23.2 16.8v0zM492.8 216.8z"
				],
				"attrs": [],
				"isMulticolor": false,
				"grid": 0,
				"tags": [
					"star"
				]
			},
			"attrs": [],
			"properties": {
				"order": 46,
				"id": 7,
				"prevSize": 32,
				"code": 59693,
				"name": "star"
			},
			"setIdx": 0,
			"setId": 0,
			"iconIdx": 45
		},
		{
			"icon": {
				"paths": [
					"M328 824.8h364.8c20 0 36-16 36-36v-551.2c0-20-16-36-36-36h-364.8c-20 0-36 16-36 36v550.4c0.8 20.8 16.8 36.8 36 36.8v0zM667.2 780.8c-12 0-21.6-9.6-21.6-21.6s9.6-21.6 21.6-21.6c12 0 21.6 9.6 21.6 21.6s-9.6 21.6-21.6 21.6v0zM667.2 251.2c12 0 21.6 9.6 21.6 21.6s-9.6 21.6-21.6 21.6c-12 0-21.6-9.6-21.6-21.6s9.6-21.6 21.6-21.6v0zM510.4 267.2c92.8 0 168 75.2 168 168s-75.2 168-168 168c-14.4 0-28.8-1.6-42.4-5.6l31.2-53.6c9.6-16-8.8-33.6-24.8-24.8l-72.8 43.2c0 0 0 0 0 0-36-30.4-59.2-76.8-59.2-128 0-92 75.2-167.2 168-167.2v0zM358.4 251.2c12 0 21.6 9.6 21.6 21.6s-9.6 21.6-21.6 21.6c-12 0-21.6-9.6-21.6-21.6s9.6-21.6 21.6-21.6v0zM358.4 737.6c12 0 21.6 9.6 21.6 21.6s-9.6 21.6-21.6 21.6c-12 0-21.6-9.6-21.6-21.6s9.6-21.6 21.6-21.6v0zM358.4 737.6z",
					"M555.2 434.4c0 24.8-20 44.8-44.8 44.8s-44.8-20-44.8-44.8c0-24.8 20-44.8 44.8-44.8s44.8 20 44.8 44.8v0zM555.2 434.4z"
				],
				"attrs": [],
				"isMulticolor": false,
				"grid": 0,
				"tags": [
					"support"
				]
			},
			"attrs": [],
			"properties": {
				"order": 47,
				"id": 6,
				"prevSize": 32,
				"code": 59694,
				"name": "support"
			},
			"setIdx": 0,
			"setId": 0,
			"iconIdx": 46
		},
		{
			"icon": {
				"paths": [
					"M818.4 453.6c0-3.2 0-4.8 0-8 0-136.8-109.6-245.6-245.6-245.6-98.4 0-182.4 56.8-222.4 139.2-17.6-8-36.8-14.4-56.8-14.4-63.2 0-114.4 45.6-125.6 106.4-75.2 25.6-128.8 96.8-128.8 180 0 104.8 85.6 190.4 190.4 190.4h285.6v-275.2l-114.4 114.4-22.4-22.4 152-152 152 152-22.4 22.4-112.8-114.4v276h270.4c95.2 0 172.8-77.6 172.8-174.4 2.4-96.8-75.2-174.4-172-174.4z"
				],
				"attrs": [],
				"isMulticolor": false,
				"grid": 0,
				"tags": [
					"upload"
				]
			},
			"attrs": [],
			"properties": {
				"order": 48,
				"id": 5,
				"prevSize": 32,
				"code": 59695,
				"name": "upload"
			},
			"setIdx": 0,
			"setId": 0,
			"iconIdx": 47
		},
		{
			"icon": {
				"paths": [
					"M310.4 628c22.4-8 67.2-25.6 107.2-37.6 5.6-1.6 10.4-1.6 13.6-5.6h1.6c4-1.6 8-1.6 12-4 4-1.6 4-1.6 4-15.2 0-1.6 0-7.2-1.6-8 0-1.6-1.6-4-1.6-5.6s0-1.6-1.6-1.6c0-1.6-1.6-1.6-1.6-5.6-1.6-4-4-7.2-5.6-12-1.6-1.6-1.6-7.2-4-10.4 0-1.6-1.6-1.6-1.6-4-2.4-0.8-2.4-4.8-2.4-6.4s-1.6-1.6-1.6-4c-1.6-1.6-1.6-5.6-1.6-7.2-1.6-1.6-1.6-5.6-1.6-8 0-1.6 0-1.6-1.6-4v0 0c-1.6-1.6-5.6-7.2-7.2-12l-2.4-1.6c0-1.6-1.6-1.6-1.6-4-1.6-1.6-1.6-4-1.6-7.2v0c-1.6-1.6-1.6-4-1.6-7.2v0c0 0.8 0-3.2 0-4.8v0c-1.6-1.6-1.6-7.2-1.6-10.4 0-1.6-1.6-5.6-1.6-7.2v-1.6c0-1.6 0-4-1.6-5.6v-1.6c0-1.6 0-1.6 0-4 0-1.6 0-1.6 0-1.6 0-1.6 0-1.6 0-1.6 0-1.6 0-1.6 0-1.6v-0.8c0-1.6 0-1.6 0-4v0c0-1.6 0-1.6 1.6-4v0c0-1.6 0-1.6 1.6-1.6v-1.6c0 0 0-1.6 1.6-1.6v0-3.2c0-7.2 0-22.4-1.6-36.8v0c0-1.6 0-5.6-1.6-7.2 0-1.6 0-1.6 0-1.6 0-1.6-1.6-5.6-1.6-7.2v-1.6c0-1.6 0-4-1.6-7.2 0-10.4 1.6-25.6 7.2-39.2 4-10.4 8-19.2 15.2-29.6v0c1.6-1.6 4-5.6 7.2-7.2 1.6-1.6 1.6-1.6 4-4 1.6-1.6 1.6-1.6 1.6-1.6 1.6-1.6 4-4 7.2-5.6l1.6-1.6c1.6-1.6 5.6-4 8-5.6h1.6c1.6-1.6 7.2-4 10.4-5.6h1.6c4-1.6 7.2-1.6 10.4-4 1.6 0 1.6 0 1.6-1.6 4-1.6 7.2-1.6 12-1.6 1.6 0 1.6 0 1.6 0 5.6-1.6 10.4-1.6 15.2-1.6h25.6c1.6 0 7.2 1.6 8 1.6s5.6 0 7.2 1.6c1.6 0 5.6 1.6 7.2 1.6s5.6 1.6 7.2 1.6c1.6 1.6 5.6 1.6 7.2 1.6 1.6 1.6 4 1.6 7.2 1.6 1.6 1.6 4 1.6 7.2 1.6 1.6 1.6 4 1.6 5.6 1.6 1.6 1.6 4 1.6 5.6 4 1.6 1.6 1.6 1.6 4 1.6 1.6 1.6 4 1.6 5.6 4 1.6 1.6 1.6 1.6 1.6 1.6 1.6 1.6 4 4 5.6 5.6l1.6 1.6c1.6 1.6 4 4 5.6 7.2 22.4 27.2 24 60.8 22.4 76v1.6c0 1.6-1.6 4-1.6 7.2-1.6 7.2-1.6 17.6-1.6 24v1.6c0 1.6 0 4 0 5.6s0 1.6 0 1.6 0 1.6 0 4c0 1.6 0 1.6 0 1.6 0 1.6 0 4 0 5.6v0c0 1.6 0 1.6 0 4v0 0c0 1.6 0 1.6 1.6 1.6 1.6 5.6 1.6 10.4 4 15.2v0c0 1.6 0 1.6 0 4 0 1.6 0 1.6 0 1.6 0 1.6 0 1.6 0 1.6 0 1.6 0 1.6 0 4s0 1.6 0 1.6c0 1.6-1.6 5.6-1.6 7.2-5.6 24-12 37.6-17.6 46.4-3.2 3.2-3.2 3.2-3.2 3.2-1.6 7.2-1.6 13.6-5.6 22.4 0 1.6 0 1.6-1.6 4-1.6 1.6-1.6 4-1.6 7.2 0 1.6-1.6 4-1.6 5.6-1.6 4-1.6 7.2-4 8-1.6 1.6-1.6 3.2-1.6 6.4v1.6c0 1.6-1.6 4-1.6 7.2 0 1.6 0 1.6 0 4 0 1.6 0 4-1.6 7.2 0 4 0 7.2 0 12 0 10.4 0 12 1.6 13.6v0c0 0 0 0 1.6 0h1.6c1.6 1.6 5.6 1.6 7.2 1.6 17.6 5.6 36.8 12 52.8 17.6 0 0 1.6 0 1.6 1.6 1.6 1.6 4 1.6 7.2 1.6 1.6 0 1.6 1.6 4 1.6s2.4 3.2 4 3.2c1.6 1.6 4 1.6 5.6 1.6h1.6c1.6 1.6 5.6 1.6 7.2 1.6h1.6c12 4 22.4 7.2 31.2 12 4 1.6 7.2 4 12 5.6 1.6 1.6 4 1.6 7.2 4 1.6 0 1.6 1.6 1.6 1.6 1.6 1.6 1.6 1.6 1.6 1.6 1.6 1.6 1.6 1.6 1.6 1.6 1.6 1.6 1.6 1.6 1.6 1.6 1.6 1.6 1.6 1.6 1.6 1.6 0 1.6 1.6 1.6 1.6 1.6 0 1.6 1.6 1.6 1.6 1.6s0 1.6 1.6 1.6c0 1.6 1.6 1.6 1.6 4v1.6c0 1.6 0 1.6 1.6 4v1.6c0 1.6 0 4 0 7.2 0 12 0 52 0 62.4v1.6c0 8-5.6 24-24 24 0 0 0 0-1.6 0-17.6 0-134.4 0-188 0-17.6 0-27.2 0-27.2 0h-5.6c0 0-10.4 0-27.2 0-52.8 0-170.4 0-188 0h0.8c-17.6 0-24-12-24-22.4v-64c-0.8-16.8 7.2-35.2 28-43.2z",
					"M310.4 628c22.4-8 67.2-25.6 107.2-37.6 5.6-1.6 10.4-1.6 13.6-5.6h1.6c4-1.6 8-1.6 12-4 4-1.6 4-1.6 4-15.2 0-1.6 0-7.2-1.6-8 0-1.6-1.6-4-1.6-5.6s0-1.6-1.6-1.6c0-1.6-1.6-1.6-1.6-5.6-1.6-4-4-7.2-5.6-12-1.6-1.6-1.6-7.2-4-10.4 0-1.6-1.6-1.6-1.6-4-2.4-0.8-2.4-4.8-2.4-6.4s-1.6-1.6-1.6-4c-1.6-1.6-1.6-5.6-1.6-7.2-1.6-1.6-1.6-5.6-1.6-8 0-1.6 0-1.6-1.6-4v0 0c-1.6-1.6-5.6-7.2-7.2-12l-2.4-1.6c0-1.6-1.6-1.6-1.6-4-1.6-1.6-1.6-4-1.6-7.2v0c-1.6-1.6-1.6-4-1.6-7.2v0c0 0.8 0-3.2 0-4.8v0c-1.6-1.6-1.6-7.2-1.6-10.4 0-1.6-1.6-5.6-1.6-7.2v-1.6c0-1.6 0-4-1.6-5.6v-1.6c0-1.6 0-1.6 0-4 0-1.6 0-1.6 0-1.6 0-1.6 0-1.6 0-1.6 0-1.6 0-1.6 0-1.6v-0.8c0-1.6 0-1.6 0-4v0c0-1.6 0-1.6 1.6-4v0c0-1.6 0-1.6 1.6-1.6v-1.6c0 0 0-1.6 1.6-1.6v0-3.2c0-7.2 0-22.4-1.6-36.8v0c0-1.6 0-5.6-1.6-7.2 0-1.6 0-1.6 0-1.6 0-1.6-1.6-5.6-1.6-7.2v-1.6c0-1.6 0-4-1.6-7.2 0-10.4 1.6-25.6 7.2-39.2 4-10.4 8-19.2 15.2-29.6v0c1.6-1.6 4-5.6 7.2-7.2 1.6-1.6 1.6-1.6 4-4 1.6-1.6 1.6-1.6 1.6-1.6 1.6-1.6 4-4 7.2-5.6l1.6-1.6c1.6-1.6 5.6-4 8-5.6h1.6c1.6-1.6 7.2-4 10.4-5.6h1.6c4-1.6 7.2-1.6 10.4-4 1.6 0 1.6 0 1.6-1.6 4-1.6 7.2-1.6 12-1.6 1.6 0 1.6 0 1.6 0 5.6-1.6 10.4-1.6 15.2-1.6h25.6c1.6 0 7.2 1.6 8 1.6s5.6 0 7.2 1.6c1.6 0 5.6 1.6 7.2 1.6s5.6 1.6 7.2 1.6c1.6 1.6 5.6 1.6 7.2 1.6 1.6 1.6 4 1.6 7.2 1.6 1.6 1.6 4 1.6 7.2 1.6 1.6 1.6 4 1.6 5.6 1.6 1.6 1.6 4 1.6 5.6 4 1.6 1.6 1.6 1.6 4 1.6 1.6 1.6 4 1.6 5.6 4 1.6 1.6 1.6 1.6 1.6 1.6 1.6 1.6 4 4 5.6 5.6l1.6 1.6c1.6 1.6 4 4 5.6 7.2 22.4 27.2 24 60.8 22.4 76v1.6c0 1.6-1.6 4-1.6 7.2-1.6 7.2-1.6 17.6-1.6 24v1.6c0 1.6 0 4 0 5.6s0 1.6 0 1.6 0 1.6 0 4c0 1.6 0 1.6 0 1.6 0 1.6 0 4 0 5.6v0c0 1.6 0 1.6 0 4v0 0c0 1.6 0 1.6 1.6 1.6 1.6 5.6 1.6 10.4 4 15.2v0c0 1.6 0 1.6 0 4 0 1.6 0 1.6 0 1.6 0 1.6 0 1.6 0 1.6 0 1.6 0 1.6 0 4s0 1.6 0 1.6c0 1.6-1.6 5.6-1.6 7.2-5.6 24-12 37.6-17.6 46.4-3.2 3.2-3.2 3.2-3.2 3.2-1.6 7.2-1.6 13.6-5.6 22.4 0 1.6 0 1.6-1.6 4-1.6 1.6-1.6 4-1.6 7.2 0 1.6-1.6 4-1.6 5.6-1.6 4-1.6 7.2-4 8-1.6 1.6-1.6 3.2-1.6 6.4v1.6c0 1.6-1.6 4-1.6 7.2 0 1.6 0 1.6 0 4 0 1.6 0 4-1.6 7.2 0 4 0 7.2 0 12 0 10.4 0 12 1.6 13.6v0c0 0 0 0 1.6 0h1.6c1.6 1.6 5.6 1.6 7.2 1.6 17.6 5.6 36.8 12 52.8 17.6 0 0 1.6 0 1.6 1.6 1.6 1.6 4 1.6 7.2 1.6 1.6 0 1.6 1.6 4 1.6s2.4 3.2 4 3.2c1.6 1.6 4 1.6 5.6 1.6h1.6c1.6 1.6 5.6 1.6 7.2 1.6h1.6c12 4 22.4 7.2 31.2 12 4 1.6 7.2 4 12 5.6 1.6 1.6 4 1.6 7.2 4 1.6 0 1.6 1.6 1.6 1.6 1.6 1.6 1.6 1.6 1.6 1.6 1.6 1.6 1.6 1.6 1.6 1.6 1.6 1.6 1.6 1.6 1.6 1.6 1.6 1.6 1.6 1.6 1.6 1.6 0 1.6 1.6 1.6 1.6 1.6 0 1.6 1.6 1.6 1.6 1.6s0 1.6 1.6 1.6c0 1.6 1.6 1.6 1.6 4v1.6c0 1.6 0 1.6 1.6 4v1.6c0 1.6 0 4 0 7.2 0 12 0 52 0 62.4v1.6c0 8-5.6 24-24 24 0 0 0 0-1.6 0-17.6 0-134.4 0-188 0-17.6 0-27.2 0-27.2 0h-5.6c0 0-10.4 0-27.2 0-52.8 0-170.4 0-188 0h0.8c-17.6 0-24-12-24-22.4v-64c-0.8-16.8 7.2-35.2 28-43.2zM908.8 418.4c8 0 15.2 7.2 15.2 15.2v30.4c0 8-7.2 15.2-15.2 15.2h-60v60c0 8-7.2 15.2-15.2 15.2h-30.4c-8 0-15.2-7.2-15.2-15.2v-60h-60c-8 0-15.2-7.2-15.2-15.2v-30.4c0-8 7.2-15.2 15.2-15.2h60v-60c0-8 7.2-15.2 15.2-15.2h30.4c8 0 15.2 7.2 15.2 15.2v60l60-0z"
				],
				"attrs": [],
				"isMulticolor": false,
				"grid": 0,
				"tags": [
					"user-add"
				]
			},
			"attrs": [],
			"properties": {
				"order": 49,
				"id": 4,
				"prevSize": 32,
				"code": 59696,
				"name": "user-add"
			},
			"setIdx": 0,
			"setId": 0,
			"iconIdx": 48
		},
		{
			"icon": {
				"paths": [
					"M512 165.559c-192.467 0-346.441 153.974-346.441 346.441s153.974 346.441 346.441 346.441c192.467 0 346.441-153.974 346.441-346.441s-151.835-346.441-346.441-346.441zM757.93 715.16c-32.078-12.831-106.926-38.493-153.974-53.463-4.277-2.139-4.277-2.139-4.277-17.108 0-12.831 6.416-27.801 10.693-38.493 6.416-12.831 12.831-34.216 14.97-51.325 6.416-8.554 14.97-25.662 23.524-55.602 6.416-27.801 2.139-38.493 0-47.047 0-2.139-2.139-2.139-2.139-2.139-2.139-6.416 0-38.493 6.416-64.156 2.139-17.108-2.139-55.602-25.662-85.541-14.97-19.247-44.909-42.77-98.372-47.047h-29.939c-51.325 2.139-81.264 27.801-96.234 47.047-25.662 29.939-27.801 68.433-25.662 85.541 4.277 25.662 6.416 57.74 6.416 64.156 0 2.139 0 2.139-2.139 2.139-2.139 8.554-6.416 19.247 0 47.047 6.416 29.939 14.97 47.047 23.524 55.602 2.139 19.247 10.693 40.632 14.97 51.325 4.277 8.554 6.416 21.385 6.416 38.493 0 14.97 0 17.108-4.277 17.108-47.047 14.97-124.034 42.77-153.974 53.463-47.047-55.602-74.848-128.311-74.848-205.298 0-175.359 143.281-318.64 318.64-318.64s318.64 143.281 318.64 318.64c0 79.125-25.662 151.835-72.71 205.298z"
				],
				"attrs": [],
				"isMulticolor": false,
				"grid": 0,
				"tags": [
					"user-profile"
				]
			},
			"attrs": [],
			"properties": {
				"order": 50,
				"id": 3,
				"prevSize": 32,
				"code": 59697,
				"name": "user-profile"
			},
			"setIdx": 0,
			"setId": 0,
			"iconIdx": 49
		},
		{
			"icon": {
				"paths": [
					"M310.4 628c22.4-8 67.2-25.6 107.2-37.6 5.6-1.6 10.4-1.6 13.6-5.6h1.6c4-1.6 8-1.6 12-4 4-1.6 4-1.6 4-15.2 0-1.6 0-7.2-1.6-8 0-1.6-1.6-4-1.6-5.6s0-1.6-1.6-1.6c0-1.6-1.6-1.6-1.6-5.6-1.6-4-4-7.2-5.6-12-1.6-1.6-1.6-7.2-4-10.4 0-1.6-1.6-1.6-1.6-4-2.4-0.8-2.4-4.8-2.4-6.4s-1.6-1.6-1.6-4c-1.6-1.6-1.6-5.6-1.6-7.2-1.6-1.6-1.6-5.6-1.6-8 0-1.6 0-1.6-1.6-4v0 0c-1.6-1.6-5.6-7.2-7.2-12l-2.4-1.6c0-1.6-1.6-1.6-1.6-4-1.6-1.6-1.6-4-1.6-7.2v0c-1.6-1.6-1.6-4-1.6-7.2v0c0 0.8 0-3.2 0-4.8v0c-1.6-1.6-1.6-7.2-1.6-10.4 0-1.6-1.6-5.6-1.6-7.2v-1.6c0-1.6 0-4-1.6-5.6v-1.6c0-1.6 0-1.6 0-4 0-1.6 0-1.6 0-1.6 0-1.6 0-1.6 0-1.6 0-1.6 0-1.6 0-1.6v-0.8c0-1.6 0-1.6 0-4v0c0-1.6 0-1.6 1.6-4v0c0-1.6 0-1.6 1.6-1.6v-1.6c0 0 0-1.6 1.6-1.6v0-3.2c0-7.2 0-22.4-1.6-36.8v0c0-1.6 0-5.6-1.6-7.2 0-1.6 0-1.6 0-1.6 0-1.6-1.6-5.6-1.6-7.2v-1.6c0-1.6 0-4-1.6-7.2 0-10.4 1.6-25.6 7.2-39.2 4-10.4 8-19.2 15.2-29.6v0c1.6-1.6 4-5.6 7.2-7.2 1.6-1.6 1.6-1.6 4-4 1.6-1.6 1.6-1.6 1.6-1.6 1.6-1.6 4-4 7.2-5.6l1.6-1.6c1.6-1.6 5.6-4 8-5.6h1.6c1.6-1.6 7.2-4 10.4-5.6h1.6c4-1.6 7.2-1.6 10.4-4 1.6 0 1.6 0 1.6-1.6 4-1.6 7.2-1.6 12-1.6 1.6 0 1.6 0 1.6 0 5.6-1.6 10.4-1.6 15.2-1.6h25.6c1.6 0 7.2 1.6 8 1.6s5.6 0 7.2 1.6c1.6 0 5.6 1.6 7.2 1.6s5.6 1.6 7.2 1.6c1.6 1.6 5.6 1.6 7.2 1.6 1.6 1.6 4 1.6 7.2 1.6 1.6 1.6 4 1.6 7.2 1.6 1.6 1.6 4 1.6 5.6 1.6 1.6 1.6 4 1.6 5.6 4 1.6 1.6 1.6 1.6 4 1.6 1.6 1.6 4 1.6 5.6 4 1.6 1.6 1.6 1.6 1.6 1.6 1.6 1.6 4 4 5.6 5.6l1.6 1.6c1.6 1.6 4 4 5.6 7.2 22.4 27.2 24 60.8 22.4 76v1.6c0 1.6-1.6 4-1.6 7.2-1.6 7.2-1.6 17.6-1.6 24v1.6c0 1.6 0 4 0 5.6s0 1.6 0 1.6 0 1.6 0 4c0 1.6 0 1.6 0 1.6 0 1.6 0 4 0 5.6v0c0 1.6 0 1.6 0 4v0 0c0 1.6 0 1.6 1.6 1.6 1.6 5.6 1.6 10.4 4 15.2v0c0 1.6 0 1.6 0 4 0 1.6 0 1.6 0 1.6 0 1.6 0 1.6 0 1.6 0 1.6 0 1.6 0 4s0 1.6 0 1.6c0 1.6-1.6 5.6-1.6 7.2-5.6 24-12 37.6-17.6 46.4-3.2 3.2-3.2 3.2-3.2 3.2-1.6 7.2-1.6 13.6-5.6 22.4 0 1.6 0 1.6-1.6 4-1.6 1.6-1.6 4-1.6 7.2 0 1.6-1.6 4-1.6 5.6-1.6 4-1.6 7.2-4 8-1.6 1.6-1.6 3.2-1.6 6.4v1.6c0 1.6-1.6 4-1.6 7.2 0 1.6 0 1.6 0 4 0 1.6 0 4-1.6 7.2 0 4 0 7.2 0 12 0 10.4 0 12 1.6 13.6v0c0 0 0 0 1.6 0h1.6c1.6 1.6 5.6 1.6 7.2 1.6 17.6 5.6 36.8 12 52.8 17.6 0 0 1.6 0 1.6 1.6 1.6 1.6 4 1.6 7.2 1.6 1.6 0 1.6 1.6 4 1.6s2.4 3.2 4 3.2c1.6 1.6 4 1.6 5.6 1.6h1.6c1.6 1.6 5.6 1.6 7.2 1.6h1.6c12 4 22.4 7.2 31.2 12 4 1.6 7.2 4 12 5.6 1.6 1.6 4 1.6 7.2 4 1.6 0 1.6 1.6 1.6 1.6 1.6 1.6 1.6 1.6 1.6 1.6 1.6 1.6 1.6 1.6 1.6 1.6 1.6 1.6 1.6 1.6 1.6 1.6 1.6 1.6 1.6 1.6 1.6 1.6 0 1.6 1.6 1.6 1.6 1.6 0 1.6 1.6 1.6 1.6 1.6s0 1.6 1.6 1.6c0 1.6 1.6 1.6 1.6 4v1.6c0 1.6 0 1.6 1.6 4v1.6c0 1.6 0 4 0 7.2 0 12 0 52 0 62.4v1.6c0 8-5.6 24-24 24 0 0 0 0-1.6 0-17.6 0-134.4 0-188 0-17.6 0-27.2 0-27.2 0h-5.6c0 0-10.4 0-27.2 0-52.8 0-170.4 0-188 0h0.8c-17.6 0-24-12-24-22.4v-64c-0.8-16.8 7.2-35.2 28-43.2z"
				],
				"attrs": [],
				"isMulticolor": false,
				"grid": 0,
				"tags": [
					"user"
				]
			},
			"attrs": [],
			"properties": {
				"order": 51,
				"id": 2,
				"prevSize": 32,
				"code": 59698,
				"name": "user"
			},
			"setIdx": 0,
			"setId": 0,
			"iconIdx": 50
		},
		{
			"icon": {
				"paths": [
					"M254.4 255.2h233.6v233.6h-233.6v-233.6z",
					"M536.8 255.2h233.6v233.6h-233.6v-233.6z",
					"M254.4 540.8h233.6v233.6h-233.6v-233.6z",
					"M536.8 540.8h233.6v233.6h-233.6v-233.6z"
				],
				"attrs": [],
				"isMulticolor": false,
				"grid": 0,
				"tags": [
					"view-grid"
				]
			},
			"attrs": [],
			"properties": {
				"order": 52,
				"id": 1,
				"prevSize": 32,
				"code": 59699,
				"name": "view-grid"
			},
			"setIdx": 0,
			"setId": 0,
			"iconIdx": 51
		},
		{
			"icon": {
				"paths": [
					"M254.4 255.2h516.8v90.4h-516.8v-90.4z",
					"M254.4 398.4h516.8v90.4h-516.8v-90.4z",
					"M254.4 540.8h516.8v90.4h-516.8v-90.4z",
					"M254.4 684h516.8v90.4h-516.8v-90.4z"
				],
				"attrs": [],
				"isMulticolor": false,
				"grid": 0,
				"tags": [
					"view-list"
				]
			},
			"attrs": [],
			"properties": {
				"order": 53,
				"id": 0,
				"prevSize": 32,
				"code": 59700,
				"name": "view-list"
			},
			"setIdx": 0,
			"setId": 0,
			"iconIdx": 52
		}
	],
	"height": 1024,
	"metadata": {
		"name": "oneicons"
	},
	"preferences": {
		"showGlyphs": true,
		"showQuickUse": true,
		"showQuickUse2": true,
		"showSVGs": true,
		"fontPref": {
			"prefix": "oneicon-",
			"metadata": {
				"fontFamily": "oneicons",
				"majorVersion": 1,
				"minorVersion": 4
			},
			"metrics": {
				"emSize": 1024,
				"baseline": 0,
				"whitespace": 0
			},
			"embed": false,
			"showMetadata": false,
			"showVersion": true,
			"showSelector": false,
			"showMetrics": true
		},
		"imagePref": {
			"prefix": "icon-",
			"png": true,
			"useClassSelector": true,
			"color": 0,
			"bgColor": 16777215,
			"classSelector": ".icon"
		},
		"historySize": 100,
		"showCodes": true,
		"gridSize": 16
	}
}